text,pos,level,source
a,indefinite article,A1,CEFR-J
abandon,verb,B1,CEFR-J
ability,noun,A2,CEFR-J
able,adjective,B1,CEFR-J
abolish,verb,B2,CEFR-J
about,adverb,A1,CEFR-J
about,preposition,A1,CEFR-J
above,adverb,A1,CEFR-J
above,preposition,A1,CEFR-J
abroad,adverb,A2,CEFR-J
absence,noun,B1,CEFR-J
absent,adjective,B1,CEFR-J
absolute,adjective,B1,CEFR-J
absolutely,adverb,B1,CEFR-J
absorb,verb,B1,CEFR-J
abstract,adjective,B1,CEFR-J
absurd,adjective,B2,CEFR-J
abundance,noun,B1,CEFR-J
abuse,noun,B2,CEFR-J
academic,adjective,B1,CEFR-J
academy,noun,B1,CEFR-J
accent,noun,B1,CEFR-J
accept,verb,A2,CEFR-J
acceptable,adjective,A2,CEFR-J
acceptance,noun,B1,CEFR-J
access,noun,B1,CEFR-J
access,verb,B2,CEFR-J
accessible,adjective,B1,CEFR-J
accident,noun,A2,CEFR-J
accidentally,adverb,B1,CEFR-J
accommodation,noun,B2,CEFR-J
accompany,verb,B1,CEFR-J
accomplish,verb,B1,CEFR-J
according to,preposition,B1,CEFR-J
accordingly,adverb,B2,CEFR-J
account,noun,A2,CEFR-J
account,verb,B1,CEFR-J
accountant,noun,B1,CEFR-J
accumulate,verb,B2,CEFR-J
accuracy,noun,B1,CEFR-J
accurate,adjective,B1,CEFR-J
accurately,adverb,B1,CEFR-J
accusation,noun,B2,CEFR-J
accuse,verb,B1,CEFR-J
achieve,verb,A2,CEFR-J
achievement,noun,B1,CEFR-J
acid,noun,B2,CEFR-J
acknowledge,verb,B1,CEFR-J
acquire,verb,B1,CEFR-J
acquisition,noun,B2,CEFR-J
acre,noun,C1,Octanove
across,adverb,A2,CEFR-J
across,preposition,A2,CEFR-J
act,noun,A2,CEFR-J
act,verb,B1,CEFR-J
action,noun,A1,CEFR-J
active,adjective,B1,CEFR-J
activity,noun,A1,CEFR-J
actor,noun,A1,CEFR-J
actress,noun,B1,CEFR-J
actual,adjective,B2,CEFR-J
actually,adverb,A2,CEFR-J
acute,adjective,B2,CEFR-J
ad,noun,B1,CEFR-J
adapt,verb,B1,CEFR-J
add,verb,A1,CEFR-J
addiction,noun,B2,CEFR-J
addition,noun,A2,CEFR-J
additional,adjective,A2,CEFR-J
additionally,adverb,B2,CEFR-J
address,noun,A1,CEFR-J
address,verb,B1,CEFR-J
adequate,adjective,B2,CEFR-J
adequately,adverb,B2,CEFR-J
adjust,verb,A2,CEFR-J
adjustment,noun,B2,CEFR-J
administration,noun,B1,CEFR-J
administrative,adjective,B2,CEFR-J
admire,verb,A2,CEFR-J
admission,noun,B1,CEFR-J
admit,verb,A2,CEFR-J
adopt,verb,B1,CEFR-J
adoption,noun,B2,CEFR-J
adult,adjective,A2,CEFR-J
adult,noun,A2,CEFR-J
advance,noun,B2,CEFR-J
advance,verb,B1,CEFR-J
advanced,adjective,A2,CEFR-J
advantage,noun,A2,CEFR-J
adventure,noun,A2,CEFR-J
adverse,adjective,B2,CEFR-J
advertise,verb,B1,CEFR-J
advertisement,noun,A2,CEFR-J
advertising,noun,A2,CEFR-J
advice,noun,A2,CEFR-J
advise,verb,A2,CEFR-J
aesthetic,adjective,C1,Octanove
affair,noun,A2,CEFR-J
affect,verb,B1,CEFR-J
affection,noun,B1,CEFR-J
afford,verb,B1,CEFR-J
affordable,adjective,B2,CEFR-J
afraid,adjective,A1,CEFR-J
after,adverb,A2,CEFR-J
after,conjunction,B1,CEFR-J
after,preposition,A1,CEFR-J
afternoon,noun,A1,CEFR-J
afterwards,adverb,B1,CEFR-J
again,adverb,A1,CEFR-J
against,preposition,A2,CEFR-J
age,noun,A1,CEFR-J
aged,adjective,A2,CEFR-J
agency,noun,A2,CEFR-J
agenda,noun,B1,CEFR-J
agent,noun,A2,CEFR-J
aggressive,adjective,B1,CEFR-J
ago,adverb,A1,CEFR-J
agree,verb,A1,CEFR-J
agreement,noun,B1,CEFR-J
agricultural,adjective,B1,CEFR-J
agriculture,noun,B1,CEFR-J
ahead,adverb,A2,CEFR-J
aid,noun,B1,CEFR-J
aid,verb,B1,CEFR-J
aim,noun,B1,CEFR-J
aim,verb,B2,CEFR-J
air,noun,A2,CEFR-J
aircraft,noun,B2,CEFR-J
airline,noun,B1,CEFR-J
airport,noun,A1,CEFR-J
alarm,noun,A2,CEFR-J
alarm,verb,B1,CEFR-J
album,noun,A1,CEFR-J
alcohol,noun,B1,CEFR-J
alcoholic,adjective,B1,CEFR-J
alert,verb,B2,CEFR-J
align,verb,C1,Octanove
alignment,noun,C1,Octanove
alike,adjective,B1,CEFR-J
alike,adverb,B1,CEFR-J
alive,adjective,A2,CEFR-J
all,adverb,A2,CEFR-J
all,determiner,A1,CEFR-J
all,pronoun,A1,CEFR-J
all right,adjective,A1,CEFR-J
all right,adverb,A1,CEFR-J
allegation,noun,B2,CEFR-J
allege,verb,C1,Octanove
alliance,noun,B2,CEFR-J
allow,verb,A2,CEFR-J
allowance,noun,B1,CEFR-J
ally,noun,B2,CEFR-J
almost,adverb,A1,CEFR-J
alone,adjective,A2,CEFR-J
alone,adverb,A1,CEFR-J
along,adverb,A1,CEFR-J
along,preposition,A2,CEFR-J
alongside,preposition,B2,CEFR-J
already,adverb,A1,CEFR-J
also,adverb,A1,CEFR-J
alter,verb,B2,CEFR-J
alternative,adjective,B1,CEFR-J
alternative,noun,B1,CEFR-J
although,conjunction,A2,CEFR-J
altogether,adverb,B1,CEFR-J
aluminium,noun,B2,CEFR-J
always,adverb,A1,CEFR-J
amateur,adjective,C1,Octanove
amateur,noun,C1,Octanove
amazed,adjective,B1,CEFR-J
amazing,adjective,B1,CEFR-J
ambassador,noun,B2,CEFR-J
ambition,noun,A2,CEFR-J
ambitious,adjective,B1,CEFR-J
ambulance,noun,B1,CEFR-J
amid,preposition,C1,Octanove
among,preposition,A2,CEFR-J
amount,noun,B1,CEFR-J
amusing,adjective,B1,CEFR-J
analogy,noun,B2,CEFR-J
analyse,verb,B1,CEFR-J
analysis,noun,B1,CEFR-J
analyst,noun,B2,CEFR-J
ancestor,noun,A2,CEFR-J
anchor,noun,B2,CEFR-J
ancient,adjective,A2,CEFR-J
and,conjunction,A1,CEFR-J
angel,noun,A2,CEFR-J
anger,noun,B1,CEFR-J
angle,noun,B1,CEFR-J
angry,adjective,A1,CEFR-J
animal,noun,A1,CEFR-J
animation,noun,B1,CEFR-J
ankle,noun,A2,CEFR-J
anniversary,noun,A2,CEFR-J
announce,verb,B1,CEFR-J
announcement,noun,B1,CEFR-J
annoy,verb,A2,CEFR-J
annoyed,adjective,B1,CEFR-J
annoying,adjective,A2,CEFR-J
annual,adjective,B1,CEFR-J
annually,adverb,B1,CEFR-J
anonymous,adjective,B2,CEFR-J
another,determiner,A1,CEFR-J
another,pronoun,A2,CEFR-J
answer,noun,A1,CEFR-J
answer,verb,A1,CEFR-J
anticipate,verb,B2,CEFR-J
anxiety,noun,B1,CEFR-J
anxious,adjective,A2,CEFR-J
any,determiner,A1,CEFR-J
any,pronoun,A1,CEFR-J
anybody,pronoun,A1,CEFR-J
anyone,pronoun,A1,CEFR-J
anything,pronoun,A1,CEFR-J
anyway,adverb,A2,CEFR-J
anywhere,adverb,A2,CEFR-J
apart,adverb,A2,CEFR-J
apartment,noun,A2,CEFR-J
apologize,verb,A2,CEFR-J
apology,noun,B1,CEFR-J
apparent,adjective,B1,CEFR-J
apparently,adverb,A2,CEFR-J
appeal,noun,B1,CEFR-J
appeal,verb,B2,CEFR-J
appear,verb,A2,CEFR-J
appearance,noun,A2,CEFR-J
appetite,noun,B1,CEFR-J
applaud,verb,B1,CEFR-J
apple,noun,A1,CEFR-J
applicant,noun,B2,CEFR-J
application,noun,B1,CEFR-J
apply,verb,A2,CEFR-J
appoint,verb,B1,CEFR-J
appointment,noun,A2,CEFR-J
appreciate,verb,A2,CEFR-J
appreciation,noun,B1,CEFR-J
approach,noun,B1,CEFR-J
approach,verb,B2,CEFR-J
appropriate,adjective,A2,CEFR-J
appropriately,adverb,B2,CEFR-J
approval,noun,B1,CEFR-J
approve,verb,B1,CEFR-J
approximately,adverb,B1,CEFR-J
April,noun,A1,CEFR-J
architect,noun,B1,CEFR-J
architecture,noun,A2,CEFR-J
area,noun,A2,CEFR-J
arena,noun,B2,CEFR-J
argue,verb,A2,CEFR-J
argument,noun,A2,CEFR-J
arise,verb,B1,CEFR-J
arm,noun,A1,CEFR-J
arm,verb,B1,CEFR-J
armed,adjective,A2,CEFR-J
army,noun,B1,CEFR-J
around,adverb,A2,CEFR-J
around,preposition,A1,CEFR-J
arrange,verb,B1,CEFR-J
arrangement,noun,B1,CEFR-J
arrest,noun,B1,CEFR-J
arrest,verb,B1,CEFR-J
arrival,noun,B1,CEFR-J
arrive,verb,A1,CEFR-J
arrow,noun,B1,CEFR-J
art,noun,A1,CEFR-J
article,noun,A1,CEFR-J
articulate,verb,B2,CEFR-J
artificial,adjective,A2,CEFR-J
artist,noun,B1,CEFR-J
artistic,adjective,B1,CEFR-J
as,conjunction,A2,CEFR-J
as,preposition,A1,CEFR-J
ash,noun,B2,CEFR-J
ashamed,adjective,B1,CEFR-J
aside,adverb,B1,CEFR-J
ask,verb,A1,CEFR-J
asleep,adjective,A2,CEFR-J
aspect,noun,B1,CEFR-J
aspiration,noun,B2,CEFR-J
aspire,verb,B2,CEFR-J
assault,noun,B2,CEFR-J
assemble,verb,B2,CEFR-J
assembly,noun,B2,CEFR-J
assert,verb,B2,CEFR-J
assertion,noun,C1,Octanove
assess,verb,B2,CEFR-J
assessment,noun,B2,CEFR-J
assign,verb,B1,CEFR-J
assignment,noun,B1,CEFR-J
assist,verb,B1,CEFR-J
assistance,noun,B1,CEFR-J
assistant,adjective,A2,CEFR-J
assistant,noun,B1,CEFR-J
associate,verb,B1,CEFR-J
association,noun,A2,CEFR-J
assume,verb,B1,CEFR-J
assumption,noun,B2,CEFR-J
assurance,noun,B2,CEFR-J
assure,verb,B2,CEFR-J
astonishing,adjective,B2,CEFR-J
at,preposition,A1,CEFR-J
athlete,noun,A2,CEFR-J
atmosphere,noun,B1,CEFR-J
attach,verb,B1,CEFR-J
attachment,noun,B1,CEFR-J
attack,noun,A2,CEFR-J
attack,verb,A2,CEFR-J
attain,verb,B1,CEFR-J
attempt,noun,A2,CEFR-J
attempt,verb,B1,CEFR-J
attend,verb,B1,CEFR-J
attendance,noun,B2,CEFR-J
attention,noun,A2,CEFR-J
attitude,noun,A2,CEFR-J
attract,verb,B1,CEFR-J
attraction,noun,B1,CEFR-J
attractive,adjective,A2,CEFR-J
attribute,noun,B2,CEFR-J
attribute,verb,B2,CEFR-J
audience,noun,A2,CEFR-J
audio,adjective,A2,CEFR-J
audit,noun,B2,CEFR-J
August,noun,A1,CEFR-J
aunt,noun,A1,CEFR-J
author,noun,A2,CEFR-J
authority,noun,B1,CEFR-J
authorize,verb,B2,CEFR-J
automatic,adjective,A2,CEFR-J
automatically,adverb,A2,CEFR-J
autumn,noun,A1,CEFR-J
availability,noun,B2,CEFR-J
available,adjective,B1,CEFR-J
average,adjective,A2,CEFR-J
average,noun,A2,CEFR-J
avoid,verb,A2,CEFR-J
await,verb,B2,CEFR-J
award,noun,A2,CEFR-J
award,verb,B1,CEFR-J
aware,adjective,B1,CEFR-J
awareness,noun,B1,CEFR-J
away,adverb,A1,CEFR-J
awful,adjective,A2,CEFR-J
awkward,adjective,B1,CEFR-J
baby,noun,A1,CEFR-J
back,adjective,A2,CEFR-J
back,adverb,A1,CEFR-J
back,noun,A1,CEFR-J
back,verb,B1,CEFR-J
background,noun,A2,CEFR-J
backup,noun,B2,CEFR-J
backwards,adverb,B2,CEFR-J
bad,adjective,A1,CEFR-J
badge,noun,B2,CEFR-J
badly,adverb,A2,CEFR-J
bag,noun,A1,CEFR-J
bake,verb,A2,CEFR-J
balance,noun,B1,CEFR-J
balance,verb,B2,CEFR-J
balanced,adjective,B2,CEFR-J
ball,noun,A1,CEFR-J
ballet,noun,B2,CEFR-J
balloon,noun,A2,CEFR-J
ballot,noun,B2,CEFR-J
ban,noun,B2,CEFR-J
ban,verb,B2,CEFR-J
banana,noun,A1,CEFR-J
band,noun,A1,CEFR-J
bank,noun,A1,CEFR-J
bar,noun,A1,CEFR-J
bar,verb,B1,CEFR-J
bare,adjective,B1,CEFR-J
barely,adverb,B1,CEFR-J
bargain,noun,A2,CEFR-J
barrel,noun,B1,CEFR-J
barrier,noun,B2,CEFR-J
base,noun,A2,CEFR-J
base,verb,B1,CEFR-J
baseball,noun,A1,CEFR-J
basement,noun,B1,CEFR-J
basic,adjective,A2,CEFR-J
basically,adverb,A2,CEFR-J
basis,noun,B1,CEFR-J
basket,noun,A2,CEFR-J
basketball,noun,A1,CEFR-J
bat,noun,A1,CEFR-J
bat,verb,B1,CEFR-J
bath,noun,A1,CEFR-J
bathroom,noun,A1,CEFR-J
battery,noun,A2,CEFR-J
battle,noun,B1,CEFR-J
battlefield,noun,B2,CEFR-J
bay,noun,A2,CEFR-J
be,verb,A1,CEFR-J
be,auxiliary verb,A1,CEFR-J
beach,noun,A1,CEFR-J
beam,noun,B2,CEFR-J
bean,noun,A1,CEFR-J
bear,noun,A1,CEFR-J
bear,verb,A2,CEFR-J
beast,noun,B1,CEFR-J
beat,noun,B2,CEFR-J
beat,verb,B1,CEFR-J
beautiful,adjective,A1,CEFR-J
beauty,noun,A2,CEFR-J
because,conjunction,A1,CEFR-J
become,verb,A1,CEFR-J
bed,noun,A1,CEFR-J
bedroom,noun,A1,CEFR-J
bee,noun,A1,CEFR-J
beef,noun,A1,CEFR-J
beer,noun,A2,CEFR-J
before,adverb,A1,CEFR-J
before,conjunction,A2,CEFR-J
before,preposition,A1,CEFR-J
beg,verb,A2,CEFR-J
begin,verb,A1,CEFR-J
beginning,noun,A2,CEFR-J
behalf,noun,B1,CEFR-J
behave,verb,B1,CEFR-J
behaviour,noun,A2,CEFR-J
behind,adverb,A1,CEFR-J
behind,preposition,A1,CEFR-J
being,noun,A2,CEFR-J
belief,noun,B1,CEFR-J
believe,verb,A1,CEFR-J
bell,noun,A1,CEFR-J
belong,verb,A2,CEFR-J
beloved,adjective,B1,CEFR-J
below,adverb,A1,CEFR-J
below,preposition,A1,CEFR-J
belt,noun,A2,CEFR-J
bench,noun,A2,CEFR-J
bend,noun,B2,CEFR-J
bend,verb,A2,CEFR-J
beneath,preposition,B1,CEFR-J
beneficial,adjective,B2,CEFR-J
benefit,noun,B1,CEFR-J
benefit,verb,B2,CEFR-J
bent,adjective,B1,CEFR-J
beside,preposition,A1,CEFR-J
besides,adverb,A2,CEFR-J
besides,preposition,B1,CEFR-J
best,adjective,A1,CEFR-J
best,adverb,A1,CEFR-J
bet,verb,B1,CEFR-J
betray,verb,B2,CEFR-J
better,adjective,A1,CEFR-J
better,adverb,A2,CEFR-J
between,preposition,A1,CEFR-J
beyond,preposition,A2,CEFR-J
bicycle,noun,A1,CEFR-J
bid,verb,B2,CEFR-J
big,adjective,A1,CEFR-J
bike,noun,A1,CEFR-J
bill,noun,A2,CEFR-J
bill,verb,B1,CEFR-J
bin,noun,B1,CEFR-J
bind,verb,B2,CEFR-J
biography,noun,B1,CEFR-J
biological,adjective,B2,CEFR-J
biology,noun,B1,CEFR-J
bird,noun,A1,CEFR-J
birth,noun,A1,CEFR-J
birthday,noun,A1,CEFR-J
biscuit,noun,A1,CEFR-J
bishop,noun,B1,CEFR-J
bit,noun,A2,CEFR-J
bite,noun,A2,CEFR-J
bite,verb,B1,CEFR-J
bitter,adjective,B1,CEFR-J
bizarre,adjective,B2,CEFR-J
black,adjective,A1,CEFR-J
black,noun,A1,CEFR-J
blade,noun,B2,CEFR-J
blame,noun,B1,CEFR-J
blame,verb,A2,CEFR-J
blank,adjective,A1,CEFR-J
blanket,noun,A2,CEFR-J
blast,noun,B2,CEFR-J
blast,verb,B2,CEFR-J
bleed,verb,B1,CEFR-J
blend,noun,B2,CEFR-J
blend,verb,B1,CEFR-J
bless,verb,B1,CEFR-J
blessing,noun,B1,CEFR-J
blind,adjective,B1,CEFR-J
block,noun,A1,CEFR-J
block,verb,B1,CEFR-J
blog,noun,B1,CEFR-J
blonde,adjective,A2,CEFR-J
blood,noun,A2,CEFR-J
blow,noun,A2,CEFR-J
blow,verb,A1,CEFR-J
blue,adjective,A1,CEFR-J
blue,noun,A1,CEFR-J
board,noun,A1,CEFR-J
board,verb,B1,CEFR-J
boast,verb,B1,CEFR-J
boat,noun,A1,CEFR-J
body,noun,A1,CEFR-J
boil,verb,A2,CEFR-J
bold,adjective,B1,CEFR-J
bomb,noun,B1,CEFR-J
bomb,verb,B1,CEFR-J
bombing,noun,B2,CEFR-J
bond,noun,B1,CEFR-J
bone,noun,A1,CEFR-J
bonus,noun,A2,CEFR-J
book,noun,A1,CEFR-J
book,verb,B1,CEFR-J
booking,noun,B1,CEFR-J
boom,noun,B1,CEFR-J
boost,noun,B2,CEFR-J
boost,verb,B2,CEFR-J
boot,noun,B1,CEFR-J
border,noun,B1,CEFR-J
bored,adjective,A2,CEFR-J
boring,adjective,A1,CEFR-J
borrow,verb,A1,CEFR-J
boss,noun,A2,CEFR-J
both,determiner,A1,CEFR-J
both,pronoun,A1,CEFR-J
bother,verb,A2,CEFR-J
bottle,noun,A1,CEFR-J
bottom,noun,A1,CEFR-J
bounce,verb,B1,CEFR-J
bound,adjective,B1,CEFR-J
bow,noun,B1,CEFR-J
bow,verb,B2,CEFR-J
bowl,noun,A1,CEFR-J
box,noun,A1,CEFR-J
boy,noun,A1,CEFR-J
boyfriend,noun,A1,CEFR-J
brain,noun,A1,CEFR-J
branch,noun,A2,CEFR-J
brand,noun,A2,CEFR-J
brave,adjective,A2,CEFR-J
bread,noun,A1,CEFR-J
break,noun,A2,CEFR-J
break,verb,A1,CEFR-J
breakdown,noun,B2,CEFR-J
breakfast,noun,A1,CEFR-J
breakthrough,noun,B1,CEFR-J
breast,noun,B1,CEFR-J
breath,noun,B1,CEFR-J
breathe,verb,A1,CEFR-J
breed,noun,B2,CEFR-J
breed,verb,B1,CEFR-J
brick,noun,B1,CEFR-J
bride,noun,A2,CEFR-J
bridge,noun,A1,CEFR-J
brief,adjective,B1,CEFR-J
briefly,adverb,B1,CEFR-J
bright,adjective,A1,CEFR-J
brilliant,adjective,A2,CEFR-J
bring,verb,A1,CEFR-J
broad,adjective,B1,CEFR-J
broadband,noun,B2,CEFR-J
broadcast,noun,B1,CEFR-J
broadcast,verb,B2,CEFR-J
broadcaster,noun,B2,CEFR-J
broadly,adverb,B2,CEFR-J
broken,adjective,A1,CEFR-J
brother,noun,A1,CEFR-J
brown,adjective,A1,CEFR-J
brown,noun,A2,CEFR-J
browser,noun,B2,CEFR-J
brush,noun,A1,CEFR-J
brush,verb,A1,CEFR-J
bubble,noun,B1,CEFR-J
buddy,noun,B1,CEFR-J
budget,noun,A2,CEFR-J
buffer,noun,C1,Octanove
bug,noun,A2,CEFR-J
build,verb,A1,CEFR-J
building,noun,A1,CEFR-J
bulk,noun,C1,Octanove
bullet,noun,B1,CEFR-J
bunch,noun,B1,CEFR-J
burden,noun,B1,CEFR-J
bureaucracy,noun,B2,CEFR-J
burial,noun,B2,CEFR-J
burn,noun,A2,CEFR-J
burn,verb,B1,CEFR-J
burst,verb,B1,CEFR-J
bury,verb,A2,CEFR-J
bus,noun,A1,CEFR-J
bush,noun,A2,CEFR-J
business,noun,A1,CEFR-J
businessman,noun,A2,CEFR-J
busy,adjective,A1,CEFR-J
but,conjunction,A1,CEFR-J
but,preposition,B1,CEFR-J
butter,noun,A1,CEFR-J
button,noun,A1,CEFR-J
buy,verb,A1,CEFR-J
by,preposition,A1,CEFR-J
cabin,noun,B1,CEFR-J
cabinet,noun,B2,CEFR-J
cable,noun,B2,CEFR-J
cafe,noun,A1,CEFR-J
cake,noun,A1,CEFR-J
calculate,verb,B1,CEFR-J
calculation,noun,B1,CEFR-J
call,noun,A1,CEFR-J
call,verb,A2,CEFR-J
calm,adjective,B1,CEFR-J
camera,noun,A1,CEFR-J
camp,noun,A1,CEFR-J
camp,verb,A2,CEFR-J
campaign,noun,B2,CEFR-J
campaign,verb,C1,Octanove
camping,noun,A2,CEFR-J
campus,noun,A2,CEFR-J
can,noun,A2,CEFR-J
can,modal verb,A1,CEFR-J
canal,noun,B1,CEFR-J
cancel,verb,B1,CEFR-J
cancer,noun,B1,CEFR-J
candidate,noun,B2,CEFR-J
candle,noun,B1,CEFR-J
cap,noun,A1,CEFR-J
capability,noun,B2,CEFR-J
capable,adjective,B1,CEFR-J
capacity,noun,B1,CEFR-J
capital,noun,A2,CEFR-J
captain,noun,A2,CEFR-J
capture,noun,B1,CEFR-J
capture,verb,B1,CEFR-J
car,noun,A1,CEFR-J
carbon,noun,B2,CEFR-J
card,noun,A1,CEFR-J
care,noun,A1,CEFR-J
care,verb,B1,CEFR-J
career,noun,B1,CEFR-J
careful,adjective,A1,CEFR-J
carefully,adverb,A1,CEFR-J
careless,adjective,B1,CEFR-J
carpet,noun,B1,CEFR-J
carriage,noun,B1,CEFR-J
carrot,noun,A2,CEFR-J
carry,verb,A1,CEFR-J
cartoon,noun,A1,CEFR-J
carve,verb,B2,CEFR-J
case,noun,A1,CEFR-J
cash,noun,A2,CEFR-J
cast,noun,B2,CEFR-J
cast,verb,B2,CEFR-J
castle,noun,A2,CEFR-J
casual,adjective,B1,CEFR-J
cat,noun,A1,CEFR-J
catalogue,noun,B2,CEFR-J
catch,noun,A1,CEFR-J
catch,verb,A1,CEFR-J
category,noun,B1,CEFR-J
cattle,noun,B1,CEFR-J
cause,noun,B2,CEFR-J
cause,verb,A2,CEFR-J
caution,noun,B1,CEFR-J
cautious,adjective,B1,CEFR-J
cave,noun,B1,CEFR-J
CD,noun,A1,CEFR-J
cease,verb,B2,CEFR-J
ceiling,noun,B2,CEFR-J
celebrate,verb,A1,CEFR-J
celebration,noun,A1,CEFR-J
celebrity,noun,B1,CEFR-J
cell,noun,B1,CEFR-J
cemetery,noun,B2,CEFR-J
cent,noun,A2,CEFR-J
central,adjective,B1,CEFR-J
centre,noun,A2,CEFR-J
century,noun,A2,CEFR-J
ceremony,noun,B1,CEFR-J
certain,adjective,A2,CEFR-J
certainly,adverb,A2,CEFR-J
certainty,noun,B1,CEFR-J
certificate,noun,B2,CEFR-J
chain,noun,A2,CEFR-J
chair,noun,A1,CEFR-J
chairman,noun,A2,CEFR-J
challenge,noun,A2,CEFR-J
challenge,verb,B2,CEFR-J
challenging,adjective,B1,CEFR-J
champion,noun,B1,CEFR-J
championship,noun,A2,CEFR-J
chance,noun,A2,CEFR-J
change,noun,A1,CEFR-J
change,verb,A1,CEFR-J
channel,noun,B1,CEFR-J
chaos,noun,B1,CEFR-J
chapter,noun,A2,CEFR-J
character,noun,A1,CEFR-J
characteristic,adjective,B2,CEFR-J
characteristic,noun,B1,CEFR-J
characterize,verb,B1,CEFR-J
charge,noun,B1,CEFR-J
charge,verb,B1,CEFR-J
charity,noun,B1,CEFR-J
charm,noun,B1,CEFR-J
charming,adjective,B2,CEFR-J
chart,noun,A2,CEFR-J
chart,verb,C1,Octanove
charter,noun,C1,Octanove
chase,noun,B1,CEFR-J
chase,verb,B2,CEFR-J
chat,noun,B1,CEFR-J
chat,verb,A2,CEFR-J
cheap,adjective,A2,CEFR-J
cheat,verb,B2,CEFR-J
check,noun,A1,CEFR-J
check,verb,A2,CEFR-J
cheek,noun,A2,CEFR-J
cheer,verb,A2,CEFR-J
cheerful,adjective,B1,CEFR-J
cheese,noun,A1,CEFR-J
chef,noun,A2,CEFR-J
chemical,adjective,A2,CEFR-J
chemical,noun,B1,CEFR-J
chemistry,noun,B1,CEFR-J
chest,noun,A2,CEFR-J
chicken,noun,A1,CEFR-J
chief,adjective,B1,CEFR-J
chief,noun,B2,CEFR-J
child,noun,A1,CEFR-J
childhood,noun,A2,CEFR-J
chip,noun,B2,CEFR-J
chocolate,noun,A1,CEFR-J
choice,noun,A2,CEFR-J
choir,noun,B1,CEFR-J
choose,verb,A1,CEFR-J
chop,verb,B2,CEFR-J
chunk,noun,B2,CEFR-J
church,noun,A1,CEFR-J
cigarette,noun,A2,CEFR-J
cinema,noun,A1,CEFR-J
circle,noun,A1,CEFR-J
circle,verb,B1,CEFR-J
circuit,noun,B2,CEFR-J
circulate,verb,C1,Octanove
circulation,noun,C1,Octanove
circumstance,noun,B2,CEFR-J
cite,verb,C1,Octanove
citizen,noun,A2,CEFR-J
citizenship,noun,B1,CEFR-J
city,noun,A1,CEFR-J
civil,adjective,B1,CEFR-J
civilization,noun,B1,CEFR-J
claim,noun,B1,CEFR-J
claim,verb,A2,CEFR-J
clarify,verb,B2,CEFR-J
class,noun,A1,CEFR-J
classic,adjective,A2,CEFR-J
classic,noun,B2,CEFR-J
classical,adjective,B1,CEFR-J
classification,noun,B2,CEFR-J
classify,verb,B1,CEFR-J
classroom,noun,A1,CEFR-J
clause,noun,B2,CEFR-J
clean,adjective,A1,CEFR-J
clean,verb,A1,CEFR-J
clear,adjective,A2,CEFR-J
clear,verb,B1,CEFR-J
clearly,adverb,A2,CEFR-J
clerk,noun,A2,CEFR-J
clever,adjective,A1,CEFR-J
click,noun,B1,CEFR-J
click,verb,A2,CEFR-J
client,noun,B2,CEFR-J
cliff,noun,B1,CEFR-J
climate,noun,B1,CEFR-J
climb,noun,A1,CEFR-J
climb,verb,A2,CEFR-J
clinic,noun,B1,CEFR-J
clinical,adjective,C1,Octanove
clip,noun,B1,CEFR-J
clock,noun,A1,CEFR-J
close,adjective,A1,CEFR-J
close,verb,A1,CEFR-J
closed,adjective,A1,CEFR-J
closely,adverb,B1,CEFR-J
closure,noun,B2,CEFR-J
cloth,noun,A1,CEFR-J
clothes,noun,A1,CEFR-J
clothing,noun,B2,CEFR-J
cloud,noun,A1,CEFR-J
club,noun,A1,CEFR-J
clue,noun,A2,CEFR-J
coach,noun,A1,CEFR-J
coach,verb,B2,CEFR-J
coal,noun,B1,CEFR-J
coalition,noun,B2,CEFR-J
coast,noun,A2,CEFR-J
coastal,adjective,B1,CEFR-J
coat,noun,A1,CEFR-J
cocktail,noun,B2,CEFR-J
code,noun,A1,CEFR-J
coffee,noun,A1,CEFR-J
coin,noun,A2,CEFR-J
coincide,verb,B2,CEFR-J
coincidence,noun,B2,CEFR-J
cold,adjective,A1,CEFR-J
cold,noun,A1,CEFR-J
collaborate,verb,C1,Octanove
collaboration,noun,C1,Octanove
collapse,noun,B1,CEFR-J
collapse,verb,B2,CEFR-J
colleague,noun,B2,CEFR-J
collect,verb,A1,CEFR-J
collection,noun,A1,CEFR-J
collector,noun,B2,CEFR-J
college,noun,A1,CEFR-J
colonial,adjective,B2,CEFR-J
colour,noun,A1,CEFR-J
colourful,adjective,A2,CEFR-J
column,noun,A2,CEFR-J
columnist,noun,B1,CEFR-J
combination,noun,B1,CEFR-J
combine,verb,B1,CEFR-J
come,verb,A1,CEFR-J
comedy,noun,B1,CEFR-J
comfort,noun,B1,CEFR-J
comfortable,adjective,A2,CEFR-J
comic,adjective,A2,CEFR-J
comic,noun,A2,CEFR-J
command,noun,B1,CEFR-J
commander,noun,B2,CEFR-J
comment,noun,B1,CEFR-J
comment,verb,B2,CEFR-J
commerce,noun,B2,CEFR-J
commercial,adjective,B1,CEFR-J
commercial,noun,B2,CEFR-J
commission,noun,B2,CEFR-J
commission,verb,C1,Octanove
commit,verb,B1,CEFR-J
commitment,noun,A2,CEFR-J
committee,noun,A2,CEFR-J
common,adjective,A2,CEFR-J
commonly,adverb,B1,CEFR-J
communicate,verb,A2,CEFR-J
communication,noun,A2,CEFR-J
community,noun,B2,CEFR-J
companion,noun,B1,CEFR-J
company,noun,A2,CEFR-J
compare,verb,A2,CEFR-J
comparison,noun,B1,CEFR-J
compassion,noun,B2,CEFR-J
compel,verb,C1,Octanove
compensate,verb,B2,CEFR-J
compensation,noun,B2,CEFR-J
compete,verb,B1,CEFR-J
competence,noun,B2,CEFR-J
competent,adjective,B2,CEFR-J
competition,noun,A2,CEFR-J
competitive,adjective,B1,CEFR-J
competitor,noun,B1,CEFR-J
compile,verb,B2,CEFR-J
complain,verb,A2,CEFR-J
complaint,noun,A2,CEFR-J
complete,adjective,A2,CEFR-J
complete,verb,B1,CEFR-J
completely,adverb,B1,CEFR-J
completion,noun,B2,CEFR-J
complex,adjective,B1,CEFR-J
complexity,noun,B2,CEFR-J
compliance,noun,C1,Octanove
complicated,adjective,B1,CEFR-J
comply,verb,C1,Octanove
component,noun,B2,CEFR-J
compose,verb,B1,CEFR-J
composer,noun,A2,CEFR-J
composition,noun,B1,CEFR-J
compound,noun,B1,CEFR-J
comprehensive,adjective,B2,CEFR-J
comprise,verb,C1,Octanove
compromise,noun,B1,CEFR-J
compromise,verb,B2,CEFR-J
compulsory,adjective,B2,CEFR-J
compute,verb,B2,CEFR-J
computer,noun,A1,CEFR-J
conceal,verb,B2,CEFR-J
concede,verb,B2,CEFR-J
conceive,verb,B2,CEFR-J
concentrate,verb,A2,CEFR-J
concentration,noun,B1,CEFR-J
concept,noun,B1,CEFR-J
conception,noun,B2,CEFR-J
concern,noun,A2,CEFR-J
concern,verb,B2,CEFR-J
concerned,adjective,B1,CEFR-J
concert,noun,A1,CEFR-J
concession,noun,B2,CEFR-J
conclude,verb,B1,CEFR-J
conclusion,noun,B1,CEFR-J
concrete,adjective,B2,CEFR-J
concrete,noun,B2,CEFR-J
condemn,verb,B2,CEFR-J
condition,noun,A2,CEFR-J
conduct,noun,B1,CEFR-J
conduct,verb,B2,CEFR-J
conference,noun,B2,CEFR-J
confess,verb,B2,CEFR-J
confession,noun,B2,CEFR-J
confidence,noun,B1,CEFR-J
confident,adjective,A2,CEFR-J
confine,verb,B2,CEFR-J
confirm,verb,B1,CEFR-J
confirmation,noun,B1,CEFR-J
conflict,noun,B1,CEFR-J
confront,verb,B2,CEFR-J
confuse,verb,A2,CEFR-J
confused,adjective,A2,CEFR-J
confusing,adjective,B1,CEFR-J
confusion,noun,B1,CEFR-J
congratulate,verb,B1,CEFR-J
connect,verb,B1,CEFR-J
connection,noun,B1,CEFR-J
conquer,verb,B1,CEFR-J
conscience,noun,B2,CEFR-J
conscious,adjective,B1,CEFR-J
consciousness,noun,B2,CEFR-J
consensus,noun,B2,CEFR-J
consent,noun,B2,CEFR-J
consequence,noun,A2,CEFR-J
consequently,adverb,B1,CEFR-J
conservation,noun,B1,CEFR-J
conservative,adjective,B1,CEFR-J
conserve,verb,C1,Octanove
consider,verb,A2,CEFR-J
considerable,adjective,B1,CEFR-J
considerably,adverb,B2,CEFR-J
consideration,noun,B1,CEFR-J
consist,verb,A2,CEFR-J
consistent,adjective,B2,CEFR-J
constant,adjective,B2,CEFR-J
constantly,adverb,B1,CEFR-J
constitute,verb,B1,CEFR-J
constitution,noun,B1,CEFR-J
constraint,noun,C1,Octanove
construct,verb,B1,CEFR-J
construction,noun,B1,CEFR-J
consult,verb,B2,CEFR-J
consultant,noun,B2,CEFR-J
consultation,noun,C1,Octanove
consume,verb,B1,CEFR-J
consumer,noun,B1,CEFR-J
consumption,noun,B1,CEFR-J
contact,noun,A2,CEFR-J
contact,verb,A2,CEFR-J
contain,verb,B1,CEFR-J
container,noun,A2,CEFR-J
contemporary,adjective,B2,CEFR-J
contempt,noun,B2,CEFR-J
content,adjective,B2,CEFR-J
content,noun,B1,CEFR-J
contest,noun,A1,CEFR-J
contest,verb,C1,Octanove
context,noun,A2,CEFR-J
continent,noun,A2,CEFR-J
continually,adverb,B1,CEFR-J
continue,verb,A2,CEFR-J
continuous,adjective,B1,CEFR-J
contract,noun,B2,CEFR-J
contract,verb,C1,Octanove
contractor,noun,C1,Octanove
contradiction,noun,B2,CEFR-J
contrary,adjective,B1,CEFR-J
contrast,noun,A2,CEFR-J
contribute,verb,B1,CEFR-J
contribution,noun,B1,CEFR-J
control,noun,A2,CEFR-J
control,verb,B1,CEFR-J
controversial,adjective,B1,CEFR-J
controversy,noun,B2,CEFR-J
convenience,noun,A2,CEFR-J
convenient,adjective,A2,CEFR-J
convention,noun,B2,CEFR-J
conventional,adjective,B2,CEFR-J
conversation,noun,A1,CEFR-J
conversion,noun,B2,CEFR-J
convert,verb,B2,CEFR-J
convey,verb,B1,CEFR-J
convict,verb,C1,Octanove
conviction,noun,C1,Octanove
convince,verb,B1,CEFR-J
convinced,adjective,B2,CEFR-J
cook,noun,A1,CEFR-J
cook,verb,A1,CEFR-J
cooker,noun,A2,CEFR-J
cooking,noun,A2,CEFR-J
cool,adjective,A1,CEFR-J
cool,verb,B2,CEFR-J
cooperate,verb,B2,CEFR-J
cooperative,adjective,B2,CEFR-J
cop,noun,A1,CEFR-J
cope,verb,B2,CEFR-J
copper,noun,B2,CEFR-J
copy,noun,A1,CEFR-J
copy,verb,A2,CEFR-J
copyright,noun,B1,CEFR-J
core,noun,B2,CEFR-J
corner,noun,A1,CEFR-J
corporate,adjective,B2,CEFR-J
corporation,noun,B2,CEFR-J
correct,adjective,A1,CEFR-J
correct,verb,B2,CEFR-J
correction,noun,B1,CEFR-J
correctly,adverb,A2,CEFR-J
correspond,verb,B2,CEFR-J
correspondence,noun,B2,CEFR-J
correspondent,noun,B2,CEFR-J
corresponding,adjective,B2,CEFR-J
corridor,noun,B2,CEFR-J
corrupt,adjective,B2,CEFR-J
corruption,noun,B2,CEFR-J
cost,noun,A2,CEFR-J
cost,verb,A2,CEFR-J
costly,adjective,B2,CEFR-J
costume,noun,B2,CEFR-J
cottage,noun,B2,CEFR-J
cotton,noun,B1,CEFR-J
could,modal verb,A1,CEFR-J
council,noun,B1,CEFR-J
counselling,noun,B1,CEFR-J
count,noun,B1,CEFR-J
count,verb,A2,CEFR-J
counter,noun,B2,CEFR-J
counter,verb,B1,CEFR-J
countless,adjective,B1,CEFR-J
country,noun,A2,CEFR-J
countryside,noun,A2,CEFR-J
county,noun,B1,CEFR-J
couple,noun,A2,CEFR-J
courage,noun,B1,CEFR-J
course,noun,A1,CEFR-J
court,noun,A2,CEFR-J
courtesy,noun,B2,CEFR-J
cousin,noun,A1,CEFR-J
cover,noun,A1,CEFR-J
cover,verb,A2,CEFR-J
coverage,noun,C1,Octanove
cow,noun,A1,CEFR-J
crack,noun,B2,CEFR-J
crack,verb,B2,CEFR-J
craft,noun,B1,CEFR-J
craft,verb,C1,Octanove
crash,noun,B1,CEFR-J
crash,verb,B1,CEFR-J
crawl,verb,B2,CEFR-J
crazy,adjective,A2,CEFR-J
cream,adjective,A2,CEFR-J
cream,noun,A1,CEFR-J
create,verb,A2,CEFR-J
creation,noun,B2,CEFR-J
creative,adjective,A2,CEFR-J
creativity,noun,A2,CEFR-J
creator,noun,B1,CEFR-J
creature,noun,A2,CEFR-J
credibility,noun,C1,Octanove
credible,adjective,C1,Octanove
credit,noun,A2,CEFR-J
crew,noun,B2,CEFR-J
crime,noun,A2,CEFR-J
criminal,adjective,B2,CEFR-J
criminal,noun,B1,CEFR-J
crisis,noun,B1,CEFR-J
critic,noun,B1,CEFR-J
critical,adjective,B1,CEFR-J
critically,adverb,B2,CEFR-J
criticism,noun,B2,CEFR-J
criticize,verb,A2,CEFR-J
crop,noun,B1,CEFR-J
cross,noun,A2,CEFR-J
cross,verb,A2,CEFR-J
crowd,noun,A2,CEFR-J
crowded,adjective,A2,CEFR-J
crown,noun,A2,CEFR-J
crucial,adjective,B2,CEFR-J
crude,adjective,C1,Octanove
cruel,adjective,B1,CEFR-J
cruise,noun,A2,CEFR-J
cruise,verb,B2,CEFR-J
cry,noun,A1,CEFR-J
cry,verb,A2,CEFR-J
cultivate,verb,B1,CEFR-J
cultural,adjective,B1,CEFR-J
culture,noun,A1,CEFR-J
cup,noun,A1,CEFR-J
cupboard,noun,A2,CEFR-J
cure,noun,B1,CEFR-J
cure,verb,B2,CEFR-J
curiosity,noun,B1,CEFR-J
curious,adjective,B1,CEFR-J
curly,adjective,B1,CEFR-J
currency,noun,B1,CEFR-J
current,adjective,B1,CEFR-J
currently,adverb,B1,CEFR-J
curriculum,noun,B1,CEFR-J
curtain,noun,B1,CEFR-J
curve,noun,B1,CEFR-J
custom,noun,A2,CEFR-J
customer,noun,A2,CEFR-J
cut,noun,B1,CEFR-J
cut,verb,A1,CEFR-J
cute,adjective,A1,CEFR-J
cycle,noun,B1,CEFR-J
cycle,verb,B1,CEFR-J
cynical,adjective,C1,Octanove
dad,noun,A1,CEFR-J
daily,adjective,A2,CEFR-J
daily,adverb,A2,CEFR-J
dam,noun,A2,CEFR-J
damage,noun,B1,CEFR-J
damage,verb,B1,CEFR-J
dance,noun,A1,CEFR-J
dance,verb,A1,CEFR-J
dancer,noun,A2,CEFR-J
dancing,noun,A1,CEFR-J
danger,noun,A2,CEFR-J
dangerous,adjective,A2,CEFR-J
dare,verb,B1,CEFR-J
dark,adjective,A1,CEFR-J
darkness,noun,B1,CEFR-J
data,noun,B2,CEFR-J
database,noun,B2,CEFR-J
date,noun,A1,CEFR-J
date,verb,B1,CEFR-J
daughter,noun,A1,CEFR-J
dawn,noun,B2,CEFR-J
day,noun,A1,CEFR-J
dead,adjective,A2,CEFR-J
deadline,noun,B1,CEFR-J
deadly,adjective,B1,CEFR-J
deal,noun,A2,CEFR-J
deal,verb,B1,CEFR-J
dealer,noun,B1,CEFR-J
dear,adjective,A1,CEFR-J
death,noun,A2,CEFR-J
debate,noun,A2,CEFR-J
debris,noun,B1,CEFR-J
debt,noun,B1,CEFR-J
debut,noun,C1,Octanove
decade,noun,B2,CEFR-J
December,noun,A1,CEFR-J
decent,adjective,B2,CEFR-J
decide,verb,A2,CEFR-J
decision,noun,B1,CEFR-J
decisive,adjective,B2,CEFR-J
deck,noun,B2,CEFR-J
declaration,noun,B1,CEFR-J
declare,verb,B1,CEFR-J
decline,noun,B1,CEFR-J
decline,verb,B2,CEFR-J
decorate,verb,B2,CEFR-J
decoration,noun,B2,CEFR-J
decrease,noun,B1,CEFR-J
decrease,verb,B1,CEFR-J
dedication,noun,B2,CEFR-J
deed,noun,B1,CEFR-J
deem,verb,B2,CEFR-J
deep,adjective,B2,CEFR-J
deep,adverb,A2,CEFR-J
deeply,adverb,A2,CEFR-J
defeat,noun,B2,CEFR-J
defeat,verb,B1,CEFR-J
defence,noun,B1,CEFR-J
defend,verb,B1,CEFR-J
defender,noun,B1,CEFR-J
deficiency,noun,B1,CEFR-J
deficit,noun,B2,CEFR-J
define,verb,B1,CEFR-J
definite,adjective,B1,CEFR-J
definitely,adverb,B1,CEFR-J
definition,noun,B1,CEFR-J
defy,verb,B2,CEFR-J
degree,noun,A2,CEFR-J
delay,noun,A2,CEFR-J
delay,verb,B1,CEFR-J
delegate,noun,B2,CEFR-J
delete,verb,B1,CEFR-J
deliberate,adjective,B2,CEFR-J
deliberately,adverb,B2,CEFR-J
delicate,adjective,B1,CEFR-J
delicious,adjective,A1,CEFR-J
delight,noun,B1,CEFR-J
delight,verb,B2,CEFR-J
delighted,adjective,B1,CEFR-J
deliver,verb,B1,CEFR-J
delivery,noun,B1,CEFR-J
demand,noun,B1,CEFR-J
demand,verb,B1,CEFR-J
democracy,noun,B1,CEFR-J
democratic,adjective,B1,CEFR-J
demonstrate,verb,B1,CEFR-J
demonstration,noun,B1,CEFR-J
dense,adjective,B2,CEFR-J
dentist,noun,A2,CEFR-J
deny,verb,B1,CEFR-J
depart,verb,B1,CEFR-J
department,noun,B1,CEFR-J
departure,noun,B1,CEFR-J
depend,verb,A2,CEFR-J
dependent,adjective,B1,CEFR-J
depict,verb,C1,Octanove
deposit,noun,B1,CEFR-J
deposit,verb,B2,CEFR-J
depressed,adjective,B1,CEFR-J
depressing,adjective,B1,CEFR-J
depression,noun,B1,CEFR-J
deprive,verb,B1,CEFR-J
depth,noun,B1,CEFR-J
deputy,noun,B2,CEFR-J
derive,verb,B1,CEFR-J
descend,verb,B2,CEFR-J
descent,noun,C1,Octanove
describe,verb,A1,CEFR-J
description,noun,A2,CEFR-J
desert,noun,A2,CEFR-J
desert,verb,C1,Octanove
deserve,verb,B1,CEFR-J
design,noun,A1,CEFR-J
design,verb,B1,CEFR-J
designer,noun,B1,CEFR-J
desirable,adjective,B2,CEFR-J
desire,noun,B1,CEFR-J
desire,verb,B2,CEFR-J
desk,noun,A1,CEFR-J
desktop,noun,B2,CEFR-J
desperate,adjective,B1,CEFR-J
desperately,adverb,B2,CEFR-J
despite,preposition,B1,CEFR-J
destination,noun,B1,CEFR-J
destroy,verb,A2,CEFR-J
destruction,noun,B1,CEFR-J
destructive,adjective,B1,CEFR-J
detail,noun,A2,CEFR-J
detailed,adjective,B2,CEFR-J
detect,verb,B2,CEFR-J
detective,noun,B1,CEFR-J
determination,noun,B1,CEFR-J
determine,verb,B1,CEFR-J
determined,adjective,B2,CEFR-J
devastate,verb,B1,CEFR-J
develop,verb,A2,CEFR-J
development,noun,B1,CEFR-J
device,noun,B1,CEFR-J
devil,noun,B2,CEFR-J
devote,verb,B2,CEFR-J
diagram,noun,B1,CEFR-J
dialogue,noun,B1,CEFR-J
diamond,noun,A2,CEFR-J
diary,noun,A2,CEFR-J
dictator,noun,B2,CEFR-J
dictionary,noun,A1,CEFR-J
die,verb,A2,CEFR-J
diet,noun,A2,CEFR-J
differ,verb,B1,CEFR-J
difference,noun,A1,CEFR-J
different,adjective,A1,CEFR-J
differently,adverb,A2,CEFR-J
difficult,adjective,A1,CEFR-J
difficulty,noun,A2,CEFR-J
dig,verb,B1,CEFR-J
digital,adjective,B1,CEFR-J
dignity,noun,B2,CEFR-J
dilemma,noun,B2,CEFR-J
dimension,noun,B2,CEFR-J
dinner,noun,A1,CEFR-J
dip,verb,B2,CEFR-J
diplomat,noun,B2,CEFR-J
direct,adjective,A2,CEFR-J
direct,verb,B1,CEFR-J
direction,noun,A2,CEFR-J
directly,adverb,B1,CEFR-J
director,noun,A2,CEFR-J
dirt,noun,B1,CEFR-J
dirty,adjective,A1,CEFR-J
disability,noun,B1,CEFR-J
disabled,adjective,B1,CEFR-J
disadvantage,noun,A2,CEFR-J
disagree,verb,A2,CEFR-J
disagreement,noun,B1,CEFR-J
disappear,verb,A2,CEFR-J
disappoint,verb,B1,CEFR-J
disappointed,adjective,A2,CEFR-J
disappointing,adjective,A2,CEFR-J
disappointment,noun,B1,CEFR-J
disaster,noun,B1,CEFR-J
disastrous,adjective,B1,CEFR-J
disc,noun,B1,CEFR-J
discard,verb,C1,Octanove
discipline,noun,B2,CEFR-J
discount,noun,B1,CEFR-J
discourage,verb,B1,CEFR-J
discourse,noun,C1,Octanove
discover,verb,A2,CEFR-J
discovery,noun,B1,CEFR-J
discrimination,noun,B1,CEFR-J
discuss,verb,A1,CEFR-J
discussion,noun,A2,CEFR-J
disease,noun,B1,CEFR-J
dish,noun,A1,CEFR-J
dishonest,adjective,A2,CEFR-J
disk,noun,B1,CEFR-J
dislike,noun,A2,CEFR-J
dislike,verb,B1,CEFR-J
dismiss,verb,B2,CEFR-J
disorder,noun,B2,CEFR-J
displace,verb,B2,CEFR-J
display,noun,A2,CEFR-J
display,verb,B1,CEFR-J
disposal,noun,B2,CEFR-J
dispute,noun,B2,CEFR-J
disrupt,verb,B2,CEFR-J
dissolve,verb,B1,CEFR-J
distance,noun,B1,CEFR-J
distant,adjective,B1,CEFR-J
distinction,noun,B1,CEFR-J
distinguish,verb,B1,CEFR-J
distract,verb,B2,CEFR-J
distribute,verb,B1,CEFR-J
distribution,noun,B1,CEFR-J
district,noun,B1,CEFR-J
disturb,verb,A2,CEFR-J
dive,noun,B1,CEFR-J
dive,verb,B1,CEFR-J
diverse,adjective,B1,CEFR-J
diversity,noun,C1,Octanove
divert,verb,B2,CEFR-J
divide,noun,B1,CEFR-J
divide,verb,A2,CEFR-J
divine,adjective,B1,CEFR-J
division,noun,B2,CEFR-J
divorce,noun,B2,CEFR-J
divorce,verb,B2,CEFR-J
divorced,adjective,B1,CEFR-J
do,verb,A1,CEFR-J
do,auxiliary verb,A1,CEFR-J
doctor,noun,A1,CEFR-J
document,noun,B1,CEFR-J
documentary,noun,B1,CEFR-J
dog,noun,A1,CEFR-J
dollar,noun,A1,CEFR-J
domestic,adjective,B2,CEFR-J
dominant,adjective,C1,Octanove
dominate,verb,B2,CEFR-J
donate,verb,B2,CEFR-J
donation,noun,B2,CEFR-J
door,noun,A1,CEFR-J
dose,noun,B2,CEFR-J
dot,noun,B1,CEFR-J
double,adjective,A2,CEFR-J
double,verb,B2,CEFR-J
doubt,noun,A2,CEFR-J
doubt,verb,B2,CEFR-J
down,adverb,A1,CEFR-J
down,preposition,A2,CEFR-J
download,noun,B2,CEFR-J
download,verb,A2,CEFR-J
downstairs,adjective,B1,CEFR-J
downstairs,adverb,A2,CEFR-J
downtown,adverb,A2,CEFR-J
dozen,determiner,B1,CEFR-J
dozen,noun,B1,CEFR-J
draft,noun,B2,CEFR-J
drag,verb,B1,CEFR-J
drain,verb,B2,CEFR-J
drama,noun,A1,CEFR-J
dramatic,adjective,B1,CEFR-J
dramatically,adverb,B2,CEFR-J
draw,verb,A1,CEFR-J
drawing,noun,A2,CEFR-J
dream,noun,A1,CEFR-J
dream,verb,A2,CEFR-J
dress,noun,A1,CEFR-J
dress,verb,A2,CEFR-J
dressed,adjective,A2,CEFR-J
drink,noun,A1,CEFR-J
drink,verb,A1,CEFR-J
drive,noun,A1,CEFR-J
drive,verb,A2,CEFR-J
driver,noun,A1,CEFR-J
drop,noun,A2,CEFR-J
drop,verb,A1,CEFR-J
drought,noun,B2,CEFR-J
drown,verb,B1,CEFR-J
drug,noun,A2,CEFR-J
drum,noun,A1,CEFR-J
drunk,adjective,B1,CEFR-J
dry,adjective,A1,CEFR-J
dry,verb,A2,CEFR-J
due,adjective,A1,CEFR-J
dull,adjective,B1,CEFR-J
dumb,adjective,B2,CEFR-J
dump,verb,B1,CEFR-J
duration,noun,C1,Octanove
during,preposition,A2,CEFR-J
dust,noun,A2,CEFR-J
duty,noun,B1,CEFR-J
DVD,noun,A1,CEFR-J
dynamic,adjective,B2,CEFR-J
each,determiner,A1,CEFR-J
each,pronoun,A1,CEFR-J
eager,adjective,B1,CEFR-J
ear,noun,A1,CEFR-J
early,adjective,A2,CEFR-J
early,adverb,A1,CEFR-J
earn,verb,A2,CEFR-J
earnings,noun,B2,CEFR-J
earth,noun,A2,CEFR-J
earthquake,noun,A2,CEFR-J
ease,noun,B2,CEFR-J
ease,verb,B2,CEFR-J
easily,adverb,A2,CEFR-J
east,adjective,A2,CEFR-J
east,adverb,A2,CEFR-J
east,noun,A2,CEFR-J
eastern,adjective,B1,CEFR-J
easy,adjective,A1,CEFR-J
eat,verb,A1,CEFR-J
ecological,adjective,B1,CEFR-J
economic,adjective,B1,CEFR-J
economics,noun,B1,CEFR-J
economist,noun,B2,CEFR-J
economy,noun,B1,CEFR-J
edge,noun,B1,CEFR-J
edit,verb,B2,CEFR-J
edition,noun,B1,CEFR-J
editor,noun,A2,CEFR-J
educate,verb,B1,CEFR-J
educated,adjective,B2,CEFR-J
education,noun,A2,CEFR-J
educational,adjective,A2,CEFR-J
educator,noun,B2,CEFR-J
effect,noun,A2,CEFR-J
effective,adjective,B1,CEFR-J
effectively,adverb,B2,CEFR-J
effectiveness,noun,B2,CEFR-J
efficiency,noun,B1,CEFR-J
efficient,adjective,B1,CEFR-J
effort,noun,A2,CEFR-J
egg,noun,A1,CEFR-J
ego,noun,C1,Octanove
eight,number,A1,CEFR-J
eighteen,number,A1,CEFR-J
eighty,number,A1,CEFR-J
either,adverb,A1,CEFR-J
either,determiner,B1,CEFR-J
either,pronoun,B1,CEFR-J
elaborate,adjective,C1,Octanove
elbow,noun,B1,CEFR-J
elderly,adjective,A2,CEFR-J
elect,verb,B2,CEFR-J
election,noun,B1,CEFR-J
electric,adjective,A2,CEFR-J
electrical,adjective,B1,CEFR-J
electricity,noun,B1,CEFR-J
electronic,adjective,B1,CEFR-J
electronics,noun,B2,CEFR-J
elegant,adjective,B2,CEFR-J
element,noun,B1,CEFR-J
elementary,adjective,A1,CEFR-J
elephant,noun,A2,CEFR-J
elevate,verb,C1,Octanove
eleven,number,A1,CEFR-J
eligible,adjective,B2,CEFR-J
eliminate,verb,B1,CEFR-J
elite,noun,B2,CEFR-J
else,adverb,A1,CEFR-J
elsewhere,adverb,A2,CEFR-J
email,noun,A1,CEFR-J
email,verb,A2,CEFR-J
embark,verb,C1,Octanove
embarrassed,adjective,B1,CEFR-J
embarrassing,adjective,A2,CEFR-J
embarrassment,noun,B1,CEFR-J
embassy,noun,B2,CEFR-J
emerge,verb,B1,CEFR-J
emergence,noun,B2,CEFR-J
emergency,noun,A2,CEFR-J
emotion,noun,B1,CEFR-J
emotional,adjective,B1,CEFR-J
emotionally,adverb,B1,CEFR-J
emphasis,noun,B1,CEFR-J
emphasize,verb,B1,CEFR-J
empire,noun,B1,CEFR-J
employ,verb,B2,CEFR-J
employee,noun,B2,CEFR-J
employer,noun,B2,CEFR-J
employment,noun,B1,CEFR-J
empty,adjective,A2,CEFR-J
enable,verb,B1,CEFR-J
encounter,noun,B1,CEFR-J
encounter,verb,B2,CEFR-J
encourage,verb,A2,CEFR-J
encouragement,noun,B1,CEFR-J
encouraging,adjective,B1,CEFR-J
end,noun,A1,CEFR-J
end,verb,A2,CEFR-J
endeavour,noun,B2,CEFR-J
ending,noun,A2,CEFR-J
endless,adjective,B1,CEFR-J
endorse,verb,B2,CEFR-J
endorsement,noun,C1,Octanove
endure,verb,B1,CEFR-J
enemy,noun,B1,CEFR-J
energy,noun,B2,CEFR-J
enforce,verb,B2,CEFR-J
engage,verb,B1,CEFR-J
engaged,adjective,B1,CEFR-J
engagement,noun,B2,CEFR-J
engine,noun,B1,CEFR-J
engineer,noun,A1,CEFR-J
engineering,noun,B1,CEFR-J
enhance,verb,B2,CEFR-J
enjoy,verb,A1,CEFR-J
enjoyable,adjective,B1,CEFR-J
enormous,adjective,A2,CEFR-J
enough,adverb,A2,CEFR-J
enough,determiner,A2,CEFR-J
enough,pronoun,A2,CEFR-J
enquire,verb,B2,CEFR-J
enquiry,noun,B1,CEFR-J
enrich,verb,B1,CEFR-J
enrol,verb,B2,CEFR-J
ensure,verb,B1,CEFR-J
enter,verb,A2,CEFR-J
enterprise,noun,B2,CEFR-J
entertain,verb,B1,CEFR-J
entertaining,adjective,B2,CEFR-J
entertainment,noun,A2,CEFR-J
enthusiasm,noun,B1,CEFR-J
enthusiast,noun,B1,CEFR-J
enthusiastic,adjective,B1,CEFR-J
entire,adjective,B1,CEFR-J
entirely,adverb,B1,CEFR-J
entitle,verb,B2,CEFR-J
entrance,noun,A2,CEFR-J
entrepreneur,noun,B2,CEFR-J
entry,noun,B1,CEFR-J
envelope,noun,A2,CEFR-J
environment,noun,B2,CEFR-J
environmental,adjective,B1,CEFR-J
episode,noun,A2,CEFR-J
equal,adjective,B1,CEFR-J
equal,noun,B2,CEFR-J
equal,verb,B2,CEFR-J
equality,noun,B1,CEFR-J
equally,adverb,B1,CEFR-J
equation,noun,B2,CEFR-J
equip,verb,B2,CEFR-J
equipment,noun,B1,CEFR-J
era,noun,B1,CEFR-J
error,noun,A2,CEFR-J
erupt,verb,B2,CEFR-J
escape,noun,A2,CEFR-J
escape,verb,B1,CEFR-J
especially,adverb,A2,CEFR-J
essay,noun,A2,CEFR-J
essence,noun,B1,CEFR-J
essential,adjective,B1,CEFR-J
essentially,adverb,B2,CEFR-J
establish,verb,A2,CEFR-J
establishment,noun,B1,CEFR-J
estate,noun,B2,CEFR-J
estimate,noun,B2,CEFR-J
estimate,verb,B1,CEFR-J
eternal,adjective,B1,CEFR-J
ethic,noun,B2,CEFR-J
ethical,adjective,C1,Octanove
ethnic,adjective,B2,CEFR-J
euro,noun,A2,CEFR-J
evacuate,verb,B2,CEFR-J
evaluate,verb,B2,CEFR-J
evaluation,noun,B2,CEFR-J
even,adjective,B1,CEFR-J
even,adverb,A2,CEFR-J
evening,noun,A1,CEFR-J
event,noun,A1,CEFR-J
eventually,adverb,B1,CEFR-J
ever,adverb,A2,CEFR-J
every,determiner,A1,CEFR-J
everybody,pronoun,A1,CEFR-J
everyday,adjective,A1,CEFR-J
everyone,pronoun,A1,CEFR-J
everything,pronoun,A1,CEFR-J
everywhere,adverb,A1,CEFR-J
evidence,noun,A2,CEFR-J
evident,adjective,B1,CEFR-J
evil,adjective,B2,CEFR-J
evil,noun,B2,CEFR-J
evoke,verb,C1,Octanove
evolution,noun,B2,CEFR-J
evolve,verb,B2,CEFR-J
exact,adjective,B1,CEFR-J
exactly,adverb,A2,CEFR-J
exam,noun,A2,CEFR-J
examination,noun,B1,CEFR-J
examine,verb,B1,CEFR-J
example,noun,A1,CEFR-J
exceed,verb,B2,CEFR-J
excellence,noun,B1,CEFR-J
excellent,adjective,A1,CEFR-J
except,conjunction,A2,CEFR-J
except,preposition,A2,CEFR-J
exception,noun,B2,CEFR-J
exceptional,adjective,B2,CEFR-J
excess,noun,B1,CEFR-J
excessive,adjective,B2,CEFR-J
exchange,noun,A2,CEFR-J
exchange,verb,B1,CEFR-J
excited,adjective,A1,CEFR-J
excitement,noun,B1,CEFR-J
exciting,adjective,A1,CEFR-J
exclude,verb,B2,CEFR-J
exclusion,noun,B2,CEFR-J
exclusive,adjective,B1,CEFR-J
exclusively,adverb,B2,CEFR-J
excuse,noun,A1,CEFR-J
excuse,verb,B1,CEFR-J
execute,verb,B2,CEFR-J
execution,noun,B2,CEFR-J
executive,adjective,B2,CEFR-J
executive,noun,B2,CEFR-J
exercise,noun,A2,CEFR-J
exercise,verb,A1,CEFR-J
exert,verb,C1,Octanove
exhibit,verb,B2,CEFR-J
exhibition,noun,A2,CEFR-J
exile,noun,B2,CEFR-J
exist,verb,A2,CEFR-J
existence,noun,B1,CEFR-J
exit,noun,B1,CEFR-J
exit,verb,B1,CEFR-J
exotic,adjective,B2,CEFR-J
expand,verb,B1,CEFR-J
expansion,noun,B2,CEFR-J
expect,verb,A2,CEFR-J
expectation,noun,B2,CEFR-J
expected,adjective,B2,CEFR-J
expedition,noun,B2,CEFR-J
expense,noun,B1,CEFR-J
expensive,adjective,A1,CEFR-J
experience,noun,A2,CEFR-J
experience,verb,B1,CEFR-J
experienced,adjective,B1,CEFR-J
experiment,noun,B1,CEFR-J
experiment,verb,B2,CEFR-J
expert,adjective,B2,CEFR-J
expert,noun,A2,CEFR-J
expire,verb,C1,Octanove
explain,verb,A2,CEFR-J
explanation,noun,A2,CEFR-J
explode,verb,B2,CEFR-J
exploit,verb,B2,CEFR-J
exploitation,noun,C1,Octanove
exploration,noun,B1,CEFR-J
explore,verb,A2,CEFR-J
explosion,noun,B1,CEFR-J
explosive,adjective,B2,CEFR-J
explosive,noun,B2,CEFR-J
export,noun,B2,CEFR-J
export,verb,B2,CEFR-J
expose,verb,B1,CEFR-J
express,verb,B1,CEFR-J
expression,noun,A2,CEFR-J
extend,verb,B1,CEFR-J
extension,noun,B2,CEFR-J
extensive,adjective,B2,CEFR-J
extensively,adverb,B1,CEFR-J
extent,noun,B1,CEFR-J
external,adjective,B2,CEFR-J
extra,adjective,A2,CEFR-J
extra,adverb,A2,CEFR-J
extra,noun,B1,CEFR-J
extract,noun,B2,CEFR-J
extract,verb,B2,CEFR-J
extraordinary,adjective,B1,CEFR-J
extreme,adjective,B1,CEFR-J
extremely,adverb,A2,CEFR-J
eye,noun,A1,CEFR-J
fabric,noun,B2,CEFR-J
fabulous,adjective,B2,CEFR-J
face,noun,A1,CEFR-J
face,verb,A2,CEFR-J
facilitate,verb,B2,CEFR-J
facility,noun,B1,CEFR-J
fact,noun,A2,CEFR-J
faction,noun,C1,Octanove
factor,noun,B2,CEFR-J
factory,noun,A1,CEFR-J
faculty,noun,B2,CEFR-J
fade,verb,B1,CEFR-J
fail,verb,A2,CEFR-J
failure,noun,B1,CEFR-J
fair,adjective,A1,CEFR-J
fairly,adverb,A2,CEFR-J
faith,noun,B2,CEFR-J
fake,adjective,B1,CEFR-J
fall,noun,B1,CEFR-J
fall,verb,A2,CEFR-J
false,adjective,A1,CEFR-J
fame,noun,B2,CEFR-J
familiar,adjective,A2,CEFR-J
family,noun,A1,CEFR-J
famous,adjective,A1,CEFR-J
fan,noun,A1,CEFR-J
fancy,adjective,A2,CEFR-J
fancy,verb,B1,CEFR-J
fantastic,adjective,A2,CEFR-J
fantasy,noun,B1,CEFR-J
far,adjective,B2,CEFR-J
far,adverb,A2,CEFR-J
fare,noun,A2,CEFR-J
farm,noun,A1,CEFR-J
farmer,noun,A1,CEFR-J
farming,noun,B1,CEFR-J
fascinating,adjective,A2,CEFR-J
fashion,noun,A2,CEFR-J
fashionable,adjective,B1,CEFR-J
fast,adjective,A1,CEFR-J
fast,adverb,A1,CEFR-J
fasten,verb,B1,CEFR-J
fat,adjective,A1,CEFR-J
fat,noun,B2,CEFR-J
fatal,adjective,B2,CEFR-J
fate,noun,B2,CEFR-J
father,noun,A1,CEFR-J
fault,noun,A2,CEFR-J
favour,noun,A2,CEFR-J
favourable,adjective,B1,CEFR-J
favourite,adjective,A1,CEFR-J
favourite,noun,A1,CEFR-J
fear,noun,A2,CEFR-J
fear,verb,B2,CEFR-J
feat,noun,B2,CEFR-J
feather,noun,A2,CEFR-J
feature,noun,A2,CEFR-J
feature,verb,B2,CEFR-J
February,noun,A1,CEFR-J
federal,adjective,B2,CEFR-J
fee,noun,A2,CEFR-J
feed,noun,A1,CEFR-J
feed,verb,B1,CEFR-J
feedback,noun,B2,CEFR-J
feel,noun,A2,CEFR-J
feel,verb,A1,CEFR-J
feeling,noun,A1,CEFR-J
fellow,adjective,B2,CEFR-J
female,adjective,A2,CEFR-J
female,noun,B2,CEFR-J
fence,noun,A2,CEFR-J
festival,noun,A1,CEFR-J
fever,noun,A1,CEFR-J
few,determiner,A2,CEFR-J
few,pronoun,B1,CEFR-J
fibre,noun,B2,CEFR-J
fiction,noun,A2,CEFR-J
field,noun,A1,CEFR-J
fierce,adjective,B2,CEFR-J
fifteen,number,A1,CEFR-J
fifty,number,A1,CEFR-J
fight,noun,A1,CEFR-J
fight,verb,B1,CEFR-J
fighting,noun,B2,CEFR-J
figure,noun,A2,CEFR-J
figure,verb,A2,CEFR-J
file,noun,A1,CEFR-J
file,verb,B2,CEFR-J
fill,verb,A1,CEFR-J
film,noun,A2,CEFR-J
film,verb,B1,CEFR-J
film-maker,noun,B1,CEFR-J
filter,noun,B1,CEFR-J
final,adjective,A2,CEFR-J
final,noun,A2,CEFR-J
finally,adverb,A2,CEFR-J
finance,noun,B2,CEFR-J
finance,verb,B1,CEFR-J
financial,adjective,B1,CEFR-J
find,verb,A1,CEFR-J
finding,noun,B1,CEFR-J
fine,adjective,A1,CEFR-J
fine,noun,B1,CEFR-J
fine,verb,B2,CEFR-J
finger,noun,B1,CEFR-J
finish,noun,A1,CEFR-J
finish,verb,A1,CEFR-J
fire,noun,A1,CEFR-J
fire,verb,B2,CEFR-J
firearm,noun,B2,CEFR-J
firefighter,noun,B1,CEFR-J
firework,noun,B1,CEFR-J
firm,adjective,B1,CEFR-J
firm,noun,B1,CEFR-J
firmly,adverb,B1,CEFR-J
first,adverb,A1,CEFR-J
firstly,adverb,B2,CEFR-J
fish,noun,A1,CEFR-J
fish,verb,B1,CEFR-J
fishing,noun,A1,CEFR-J
fit,adjective,A2,CEFR-J
fit,noun,B2,CEFR-J
fit,verb,B1,CEFR-J
fitness,noun,B1,CEFR-J
five,number,A1,CEFR-J
fix,noun,A2,CEFR-J
fix,verb,B1,CEFR-J
fixed,adjective,B2,CEFR-J
fixture,noun,C1,Octanove
flag,noun,A1,CEFR-J
flame,noun,B2,CEFR-J
flash,noun,B2,CEFR-J
flash,verb,B2,CEFR-J
flat,adjective,B1,CEFR-J
flat,noun,A1,CEFR-J
flavour,noun,B1,CEFR-J
flaw,noun,B2,CEFR-J
flee,verb,B2,CEFR-J
fleet,noun,B2,CEFR-J
flesh,noun,B2,CEFR-J
flexibility,noun,B2,CEFR-J
flexible,adjective,B2,CEFR-J
flight,noun,A2,CEFR-J
float,verb,B1,CEFR-J
flood,noun,A2,CEFR-J
flood,verb,B1,CEFR-J
floor,noun,A1,CEFR-J
flour,noun,A2,CEFR-J
flourish,verb,C1,Octanove
flow,noun,B1,CEFR-J
flow,verb,B1,CEFR-J
flower,noun,A1,CEFR-J
flu,noun,B1,CEFR-J
fly,noun,A1,CEFR-J
fly,verb,A1,CEFR-J
focus,noun,B2,CEFR-J
focus,verb,A1,CEFR-J
fold,noun,B1,CEFR-J
fold,verb,B1,CEFR-J
folk,noun,B1,CEFR-J
follow,verb,A2,CEFR-J
following,adjective,A1,CEFR-J
following,preposition,B2,CEFR-J
fond,adjective,B1,CEFR-J
food,noun,A1,CEFR-J
fool,noun,A2,CEFR-J
foot,noun,B1,CEFR-J
football,noun,A1,CEFR-J
for,preposition,A1,CEFR-J
forbid,verb,A2,CEFR-J
force,noun,A2,CEFR-J
force,verb,B2,CEFR-J
forecast,noun,B1,CEFR-J
foreign,adjective,A1,CEFR-J
foreigner,noun,A1,CEFR-J
forest,noun,A2,CEFR-J
forever,adverb,A2,CEFR-J
forget,verb,A1,CEFR-J
forgive,verb,B1,CEFR-J
fork,noun,A2,CEFR-J
form,noun,A1,CEFR-J
form,verb,B1,CEFR-J
formal,adjective,B1,CEFR-J
format,noun,B1,CEFR-J
formation,noun,B2,CEFR-J
former,adjective,B1,CEFR-J
formerly,adverb,B2,CEFR-J
formula,noun,B1,CEFR-J
formulate,verb,C1,Octanove
forth,adverb,B1,CEFR-J
forthcoming,adjective,B2,CEFR-J
fortunate,adjective,B1,CEFR-J
fortunately,adverb,A2,CEFR-J
fortune,noun,A2,CEFR-J
forty,number,A1,CEFR-J
forward,adverb,A2,CEFR-J
fossil,noun,C1,Octanove
found,verb,B2,CEFR-J
foundation,noun,B1,CEFR-J
four,number,A1,CEFR-J
fourteen,number,A1,CEFR-J
fraction,noun,C1,Octanove
fragment,noun,B1,CEFR-J
frame,noun,A2,CEFR-J
frame,verb,B2,CEFR-J
frankly,adverb,B2,CEFR-J
fraud,noun,B2,CEFR-J
free,adjective,A1,CEFR-J
free,adverb,A2,CEFR-J
free,verb,B2,CEFR-J
freedom,noun,A2,CEFR-J
freely,adverb,B1,CEFR-J
freeze,verb,A2,CEFR-J
frequency,noun,B1,CEFR-J
frequent,adjective,B1,CEFR-J
frequently,adverb,B1,CEFR-J
fresh,adjective,A2,CEFR-J
Friday,noun,A1,CEFR-J
fridge,noun,A2,CEFR-J
friend,noun,A1,CEFR-J
friendly,adjective,B2,CEFR-J
friendship,noun,A2,CEFR-J
frighten,verb,A2,CEFR-J
frightened,adjective,A2,CEFR-J
frightening,adjective,A2,CEFR-J
frog,noun,A1,CEFR-J
from,preposition,A1,CEFR-J
front,adjective,A1,CEFR-J
front,noun,A2,CEFR-J
frozen,adjective,B1,CEFR-J
fruit,noun,A1,CEFR-J
frustrated,adjective,B1,CEFR-J
frustration,noun,B1,CEFR-J
fry,verb,B1,CEFR-J
fuel,noun,B1,CEFR-J
fulfil,verb,B2,CEFR-J
full,adjective,A1,CEFR-J
full-time,adjective,B1,CEFR-J
full-time,adverb,B1,CEFR-J
fully,adverb,A2,CEFR-J
fun,adjective,A1,CEFR-J
fun,noun,A1,CEFR-J
function,noun,B1,CEFR-J
function,verb,A2,CEFR-J
functional,adjective,B2,CEFR-J
fund,noun,B1,CEFR-J
fund,verb,B1,CEFR-J
fundamental,adjective,B2,CEFR-J
funeral,noun,B1,CEFR-J
funny,adjective,A1,CEFR-J
fur,noun,B1,CEFR-J
furious,adjective,B2,CEFR-J
furniture,noun,A2,CEFR-J
further,adjective,A2,CEFR-J
further,adverb,B1,CEFR-J
furthermore,adverb,B1,CEFR-J
future,adjective,B1,CEFR-J
future,noun,A1,CEFR-J
gain,noun,B1,CEFR-J
gain,verb,B1,CEFR-J
gallery,noun,A2,CEFR-J
gallon,noun,B1,CEFR-J
gambling,noun,B2,CEFR-J
game,noun,A1,CEFR-J
gang,noun,B2,CEFR-J
gap,noun,B1,CEFR-J
garage,noun,A2,CEFR-J
garden,noun,A1,CEFR-J
gas,noun,A2,CEFR-J
gate,noun,A2,CEFR-J
gather,verb,A2,CEFR-J
gay,adjective,B1,CEFR-J
gaze,noun,B2,CEFR-J
gear,noun,B2,CEFR-J
gender,noun,A2,CEFR-J
gene,noun,B1,CEFR-J
general,adjective,B1,CEFR-J
generally,adverb,B1,CEFR-J
generate,verb,B1,CEFR-J
generation,noun,A2,CEFR-J
generous,adjective,B1,CEFR-J
genetic,adjective,B1,CEFR-J
genius,noun,B2,CEFR-J
genre,noun,B2,CEFR-J
gentle,adjective,A2,CEFR-J
gentleman,noun,B1,CEFR-J
genuine,adjective,B2,CEFR-J
genuinely,adverb,B2,CEFR-J
geography,noun,B1,CEFR-J
gesture,noun,B1,CEFR-J
get,verb,A1,CEFR-J
ghost,noun,A1,CEFR-J
giant,adjective,B1,CEFR-J
gift,noun,A1,CEFR-J
gig,noun,C1,Octanove
girl,noun,A1,CEFR-J
girlfriend,noun,A1,CEFR-J
give,verb,A1,CEFR-J
glad,adjective,A1,CEFR-J
glance,noun,B1,CEFR-J
glance,verb,B1,CEFR-J
glass,noun,A1,CEFR-J
glimpse,noun,B1,CEFR-J
global,adjective,B1,CEFR-J
globe,noun,A2,CEFR-J
glorious,adjective,B1,CEFR-J
glory,noun,B1,CEFR-J
glove,noun,A2,CEFR-J
go,noun,B1,CEFR-J
go,verb,A1,CEFR-J
goal,noun,A1,CEFR-J
god,noun,B2,CEFR-J
gold,adjective,A1,CEFR-J
gold,noun,A2,CEFR-J
golden,adjective,A2,CEFR-J
golf,noun,A2,CEFR-J
good,adjective,A1,CEFR-J
good,noun,B2,CEFR-J
goods,noun,B1,CEFR-J
gorgeous,adjective,B1,CEFR-J
govern,verb,B1,CEFR-J
government,noun,A2,CEFR-J
governor,noun,B1,CEFR-J
grab,verb,B1,CEFR-J
grace,noun,A2,CEFR-J
grade,noun,A1,CEFR-J
grade,verb,B2,CEFR-J
gradually,adverb,A2,CEFR-J
graduate,noun,B1,CEFR-J
graduate,verb,A2,CEFR-J
grain,noun,B2,CEFR-J
grand,adjective,B2,CEFR-J
grandfather,noun,A1,CEFR-J
grandmother,noun,A1,CEFR-J
grandparent,noun,A1,CEFR-J
grant,noun,B1,CEFR-J
grant,verb,B1,CEFR-J
graphic,adjective,B1,CEFR-J
graphics,noun,B1,CEFR-J
grasp,noun,B2,CEFR-J
grass,noun,A1,CEFR-J
grateful,adjective,A2,CEFR-J
grave,noun,B1,CEFR-J
great,adjective,A1,CEFR-J
greatly,adverb,A2,CEFR-J
green,adjective,A1,CEFR-J
green,noun,A2,CEFR-J
greenhouse,noun,B1,CEFR-J
greet,verb,A1,CEFR-J
grey,adjective,A1,CEFR-J
grey,noun,A1,CEFR-J
grief,noun,B2,CEFR-J
grin,noun,B2,CEFR-J
grip,noun,B2,CEFR-J
grip,verb,B2,CEFR-J
gross,adjective,B2,CEFR-J
ground,noun,A1,CEFR-J
group,noun,A1,CEFR-J
grow,verb,A1,CEFR-J
growth,noun,B1,CEFR-J
guarantee,noun,B1,CEFR-J
guarantee,verb,B2,CEFR-J
guard,noun,A2,CEFR-J
guard,verb,B2,CEFR-J
guerrilla,noun,B2,CEFR-J
guess,noun,B1,CEFR-J
guess,verb,A1,CEFR-J
guest,noun,A1,CEFR-J
guidance,noun,B1,CEFR-J
guide,noun,B1,CEFR-J
guide,verb,B1,CEFR-J
guideline,noun,B2,CEFR-J
guilt,noun,B1,CEFR-J
guilty,adjective,B1,CEFR-J
guitar,noun,A1,CEFR-J
gun,noun,A2,CEFR-J
guy,noun,A1,CEFR-J
gym,noun,B1,CEFR-J
habit,noun,A1,CEFR-J
habitat,noun,B1,CEFR-J
hail,verb,B2,CEFR-J
hair,noun,A1,CEFR-J
half,adverb,B1,CEFR-J
half,determiner,A2,CEFR-J
half,noun,A1,CEFR-J
half,pronoun,A2,CEFR-J
hall,noun,A1,CEFR-J
hand,noun,A1,CEFR-J
hand,verb,A2,CEFR-J
handle,noun,A2,CEFR-J
handle,verb,B1,CEFR-J
handy,adjective,B1,CEFR-J
hang,verb,B1,CEFR-J
happen,verb,A1,CEFR-J
happily,adverb,A2,CEFR-J
happiness,noun,A2,CEFR-J
happy,adjective,A1,CEFR-J
harassment,noun,C1,Octanove
harbour,noun,B1,CEFR-J
hard,adjective,A1,CEFR-J
hard,adverb,A1,CEFR-J
hardly,adverb,A2,CEFR-J
hardware,noun,B2,CEFR-J
harm,noun,B2,CEFR-J
harm,verb,A2,CEFR-J
harmful,adjective,A2,CEFR-J
harmony,noun,A2,CEFR-J
harvest,noun,A2,CEFR-J
harvest,verb,C1,Octanove
hat,noun,A1,CEFR-J
hate,noun,B1,CEFR-J
hate,verb,A2,CEFR-J
hatred,noun,B1,CEFR-J
haunt,verb,B2,CEFR-J
have,verb,A1,CEFR-J
have,auxiliary verb,A1,CEFR-J
have to,modal verb,A1,CEFR-J
hazard,noun,B1,CEFR-J
he,pronoun,A1,CEFR-J
head,noun,A1,CEFR-J
head,verb,A2,CEFR-J
headache,noun,A1,CEFR-J
headline,noun,B1,CEFR-J
headquarters,noun,B2,CEFR-J
heal,verb,B1,CEFR-J
health,noun,A1,CEFR-J
healthy,adjective,A1,CEFR-J
hear,verb,A1,CEFR-J
hearing,noun,B1,CEFR-J
heart,noun,A1,CEFR-J
heat,noun,A2,CEFR-J
heat,verb,B1,CEFR-J
heating,noun,A2,CEFR-J
heaven,noun,B1,CEFR-J
heavily,adverb,A2,CEFR-J
heavy,adjective,A1,CEFR-J
heel,noun,B1,CEFR-J
height,noun,B1,CEFR-J
heighten,verb,C1,Octanove
helicopter,noun,B2,CEFR-J
hell,noun,B2,CEFR-J
hello,noun,A1,CEFR-J
helmet,noun,B1,CEFR-J
help,noun,A2,CEFR-J
help,verb,A1,CEFR-J
helpful,adjective,A2,CEFR-J
hence,adverb,C1,Octanove
her,determiner,A1,CEFR-J
her,pronoun,A1,CEFR-J
herb,noun,B2,CEFR-J
here,adverb,A1,CEFR-J
heritage,noun,B2,CEFR-J
hero,noun,A2,CEFR-J
hers,pronoun,A1,CEFR-J
herself,pronoun,A2,CEFR-J
hesitate,verb,B1,CEFR-J
hey,exclamation,A2,CEFR-J
hi,exclamation,A1,CEFR-J
hidden,adjective,B1,CEFR-J
hide,verb,A1,CEFR-J
high,adjective,A1,CEFR-J
high,adverb,A2,CEFR-J
highlight,noun,B2,CEFR-J
highlight,verb,B1,CEFR-J
highly,adverb,B1,CEFR-J
highway,noun,A2,CEFR-J
hilarious,adjective,B2,CEFR-J
hill,noun,A1,CEFR-J
him,pronoun,A1,CEFR-J
himself,pronoun,A2,CEFR-J
hint,noun,B2,CEFR-J
hip,noun,B1,CEFR-J
hire,verb,B1,CEFR-J
his,determiner,A1,CEFR-J
his,pronoun,A1,CEFR-J
historian,noun,B1,CEFR-J
historic,adjective,B1,CEFR-J
historical,adjective,B1,CEFR-J
history,noun,A1,CEFR-J
hit,noun,B1,CEFR-J
hit,verb,A2,CEFR-J
hobby,noun,A1,CEFR-J
hockey,noun,A2,CEFR-J
hold,noun,A1,CEFR-J
hold,verb,A2,CEFR-J
hole,noun,A1,CEFR-J
holiday,noun,A1,CEFR-J
hollow,adjective,B2,CEFR-J
holy,adjective,B1,CEFR-J
home,adverb,A2,CEFR-J
home,noun,A1,CEFR-J
homeless,adjective,B1,CEFR-J
homework,noun,A1,CEFR-J
honest,adjective,B1,CEFR-J
honesty,noun,B1,CEFR-J
honour,noun,A2,CEFR-J
honour,verb,B2,CEFR-J
hook,noun,B2,CEFR-J
hook,verb,B2,CEFR-J
hope,noun,A1,CEFR-J
hope,verb,B1,CEFR-J
hopeful,adjective,B1,CEFR-J
hopefully,adverb,B1,CEFR-J
horizon,noun,B1,CEFR-J
horn,noun,B1,CEFR-J
horrible,adjective,B1,CEFR-J
horror,noun,A2,CEFR-J
horse,noun,A1,CEFR-J
hospital,noun,A1,CEFR-J
host,noun,A2,CEFR-J
hostile,adjective,C1,Octanove
hostility,noun,C1,Octanove
hot,adjective,A1,CEFR-J
hotel,noun,A1,CEFR-J
hour,noun,A1,CEFR-J
house,noun,A1,CEFR-J
house,verb,C1,Octanove
household,noun,B1,CEFR-J
how,adverb,A1,CEFR-J
however,adverb,A2,CEFR-J
huge,adjective,B1,CEFR-J
human,adjective,A2,CEFR-J
human,noun,B1,CEFR-J
humanity,noun,B1,CEFR-J
humble,adjective,B2,CEFR-J
humorous,adjective,B1,CEFR-J
humour,noun,B1,CEFR-J
hundred,number,A2,CEFR-J
hunger,noun,B1,CEFR-J
hungry,adjective,A1,CEFR-J
hunt,noun,B1,CEFR-J
hunt,verb,B1,CEFR-J
hunting,noun,B2,CEFR-J
hurry,noun,A1,CEFR-J
hurry,verb,A2,CEFR-J
hurt,adjective,B1,CEFR-J
hurt,verb,A1,CEFR-J
husband,noun,A1,CEFR-J
I,pronoun,A1,CEFR-J
ice,noun,A1,CEFR-J
ice cream,noun,A1,CEFR-J
icon,noun,B2,CEFR-J
ID,noun,A2,CEFR-J
idea,noun,A1,CEFR-J
ideal,adjective,A1,CEFR-J
identical,adjective,B2,CEFR-J
identification,noun,B2,CEFR-J
identify,verb,B2,CEFR-J
identity,noun,B1,CEFR-J
ideology,noun,B2,CEFR-J
idiot,noun,B2,CEFR-J
if,conjunction,A1,CEFR-J
ignorance,noun,B2,CEFR-J
ignore,verb,B1,CEFR-J
ill,adjective,A2,CEFR-J
illegal,adjective,A2,CEFR-J
illness,noun,B1,CEFR-J
illustrate,verb,B2,CEFR-J
illustration,noun,B2,CEFR-J
image,noun,A2,CEFR-J
imagery,noun,B2,CEFR-J
imaginary,adjective,B1,CEFR-J
imagination,noun,A2,CEFR-J
imagine,verb,A1,CEFR-J
immediate,adjective,B1,CEFR-J
immediately,adverb,B1,CEFR-J
immense,adjective,C1,Octanove
immigrant,noun,B2,CEFR-J
immigration,noun,B1,CEFR-J
impact,noun,A2,CEFR-J
impatient,adjective,A2,CEFR-J
implement,verb,B2,CEFR-J
implication,noun,B2,CEFR-J
imply,verb,B2,CEFR-J
import,verb,B2,CEFR-J
importance,noun,A2,CEFR-J
important,adjective,A1,CEFR-J
impose,verb,B2,CEFR-J
impossible,adjective,A2,CEFR-J
impress,verb,A2,CEFR-J
impressed,adjective,B2,CEFR-J
impression,noun,B1,CEFR-J
impressive,adjective,B1,CEFR-J
imprison,verb,B2,CEFR-J
imprisonment,noun,B2,CEFR-J
improve,verb,A2,CEFR-J
improvement,noun,B1,CEFR-J
in,adverb,A2,CEFR-J
in,preposition,A1,CEFR-J
inadequate,adjective,B2,CEFR-J
incentive,noun,B2,CEFR-J
inch,noun,A2,CEFR-J
incident,noun,B1,CEFR-J
include,verb,A2,CEFR-J
including,preposition,B1,CEFR-J
inclusion,noun,C1,Octanove
income,noun,B1,CEFR-J
incorrect,adjective,B1,CEFR-J
increase,noun,B1,CEFR-J
increase,verb,A2,CEFR-J
increasingly,adverb,B1,CEFR-J
incredible,adjective,B1,CEFR-J
incredibly,adverb,B1,CEFR-J
incur,verb,B2,CEFR-J
indeed,adverb,A2,CEFR-J
independence,noun,A2,CEFR-J
independent,adjective,B1,CEFR-J
index,noun,B2,CEFR-J
indicate,verb,A2,CEFR-J
indirect,adjective,B1,CEFR-J
individual,adjective,B1,CEFR-J
individual,noun,B2,CEFR-J
indoor,adjective,A2,CEFR-J
indoors,adverb,B1,CEFR-J
indulge,verb,B2,CEFR-J
industrial,adjective,B1,CEFR-J
industry,noun,B1,CEFR-J
inevitable,adjective,B1,CEFR-J
infant,noun,B2,CEFR-J
infect,verb,B2,CEFR-J
infection,noun,B1,CEFR-J
infer,verb,B2,CEFR-J
inflation,noun,B2,CEFR-J
influence,noun,A2,CEFR-J
influence,verb,B2,CEFR-J
influential,adjective,B2,CEFR-J
inform,verb,B1,CEFR-J
informal,adjective,B2,CEFR-J
information,noun,A1,CEFR-J
ingredient,noun,B1,CEFR-J
inhabitant,noun,B1,CEFR-J
inherent,adjective,C1,Octanove
inherit,verb,B2,CEFR-J
initial,adjective,B2,CEFR-J
initially,adverb,B1,CEFR-J
initiative,noun,B2,CEFR-J
inject,verb,B1,CEFR-J
injection,noun,B2,CEFR-J
injure,verb,A2,CEFR-J
injured,adjective,B2,CEFR-J
injury,noun,B1,CEFR-J
injustice,noun,C1,Octanove
ink,noun,B1,CEFR-J
inner,adjective,A2,CEFR-J
innocent,adjective,B1,CEFR-J
innovation,noun,B2,CEFR-J
innovative,adjective,B2,CEFR-J
input,noun,B2,CEFR-J
inquiry,noun,B1,CEFR-J
insect,noun,A2,CEFR-J
inside,adjective,B2,CEFR-J
inside,adverb,A2,CEFR-J
inside,noun,B2,CEFR-J
inside,preposition,A1,CEFR-J
insight,noun,B1,CEFR-J
insist,verb,B1,CEFR-J
inspect,verb,B2,CEFR-J
inspection,noun,B1,CEFR-J
inspector,noun,B2,CEFR-J
inspiration,noun,A2,CEFR-J
inspire,verb,B1,CEFR-J
install,verb,B1,CEFR-J
instance,noun,B1,CEFR-J
instant,adjective,A2,CEFR-J
instantly,adverb,B2,CEFR-J
instead,adverb,A2,CEFR-J
instinct,noun,B2,CEFR-J
institute,noun,B1,CEFR-J
institution,noun,B2,CEFR-J
instruct,verb,B2,CEFR-J
instruction,noun,B1,CEFR-J
instructor,noun,B1,CEFR-J
instrument,noun,A2,CEFR-J
insufficient,adjective,B2,CEFR-J
insult,noun,B2,CEFR-J
insult,verb,B2,CEFR-J
insurance,noun,B1,CEFR-J
integral,adjective,C1,Octanove
integrate,verb,B2,CEFR-J
intellectual,adjective,B2,CEFR-J
intellectual,noun,B2,CEFR-J
intelligence,noun,A2,CEFR-J
intelligent,adjective,A2,CEFR-J
intend,verb,B1,CEFR-J
intense,adjective,B1,CEFR-J
intensive,adjective,B1,CEFR-J
intention,noun,B1,CEFR-J
interact,verb,B1,CEFR-J
interaction,noun,B1,CEFR-J
interactive,adjective,B2,CEFR-J
interest,noun,A2,CEFR-J
interest,verb,B1,CEFR-J
interested,adjective,A1,CEFR-J
interesting,adjective,A1,CEFR-J
interfere,verb,B2,CEFR-J
interior,noun,B2,CEFR-J
intermediate,adjective,B1,CEFR-J
internal,adjective,B1,CEFR-J
international,adjective,A2,CEFR-J
internet,noun,A1,CEFR-J
interpret,verb,B2,CEFR-J
interpretation,noun,B2,CEFR-J
interrupt,verb,B1,CEFR-J
interval,noun,B1,CEFR-J
interview,noun,A1,CEFR-J
interview,verb,B1,CEFR-J
intimate,adjective,B2,CEFR-J
into,preposition,A1,CEFR-J
introduce,verb,A1,CEFR-J
introduction,noun,B1,CEFR-J
invade,verb,A2,CEFR-J
invasion,noun,B1,CEFR-J
invent,verb,A2,CEFR-J
invention,noun,A2,CEFR-J
invest,verb,B1,CEFR-J
investigate,verb,B2,CEFR-J
investigation,noun,B1,CEFR-J
investigator,noun,B2,CEFR-J
investment,noun,B2,CEFR-J
investor,noun,B2,CEFR-J
invisible,adjective,B2,CEFR-J
invitation,noun,B1,CEFR-J
invite,verb,A2,CEFR-J
invoke,verb,B2,CEFR-J
involve,verb,B1,CEFR-J
involved,adjective,B1,CEFR-J
involvement,noun,B2,CEFR-J
iron,noun,B1,CEFR-J
iron,verb,B1,CEFR-J
ironically,adverb,B2,CEFR-J
irony,noun,C1,Octanove
island,noun,A1,CEFR-J
isolate,verb,C1,Octanove
isolated,adjective,C1,Octanove
isolation,noun,B1,CEFR-J
issue,noun,A2,CEFR-J
issue,verb,B2,CEFR-J
IT,noun,A2,CEFR-J
it,pronoun,A1,CEFR-J
item,noun,A1,CEFR-J
its,determiner,A1,CEFR-J
itself,pronoun,A2,CEFR-J
jacket,noun,A1,CEFR-J
jail,noun,B1,CEFR-J
jam,noun,A2,CEFR-J
January,noun,A1,CEFR-J
jazz,noun,B1,CEFR-J
jeans,noun,A1,CEFR-J
jet,noun,A1,CEFR-J
jewellery,noun,A1,CEFR-J
job,noun,A1,CEFR-J
join,verb,A1,CEFR-J
joint,adjective,B1,CEFR-J
joint,noun,B2,CEFR-J
joke,noun,A2,CEFR-J
joke,verb,B1,CEFR-J
journal,noun,B1,CEFR-J
journalism,noun,B2,CEFR-J
journalist,noun,B1,CEFR-J
journey,noun,A2,CEFR-J
joy,noun,A2,CEFR-J
judge,noun,B1,CEFR-J
judge,verb,A1,CEFR-J
judgement,noun,B1,CEFR-J
juice,noun,A1,CEFR-J
July,noun,A1,CEFR-J
jump,noun,B2,CEFR-J
jump,verb,A1,CEFR-J
June,noun,A1,CEFR-J
junior,adjective,A2,CEFR-J
jurisdiction,noun,C1,Octanove
jury,noun,B2,CEFR-J
just,adverb,A1,CEFR-J
justice,noun,B1,CEFR-J
justify,verb,B2,CEFR-J
keen,adjective,B2,CEFR-J
keep,verb,A1,CEFR-J
key,adjective,A1,CEFR-J
key,noun,A1,CEFR-J
keyboard,noun,B1,CEFR-J
kick,noun,A1,CEFR-J
kick,verb,A1,CEFR-J
kid,noun,A1,CEFR-J
kill,verb,A1,CEFR-J
killing,noun,B1,CEFR-J
kilometre,noun,A2,CEFR-J
kind,adjective,A2,CEFR-J
kind,noun,A1,CEFR-J
king,noun,A1,CEFR-J
kingdom,noun,A2,CEFR-J
kiss,noun,A1,CEFR-J
kiss,verb,B1,CEFR-J
kit,noun,A2,CEFR-J
kitchen,noun,A1,CEFR-J
knee,noun,A1,CEFR-J
knife,noun,A1,CEFR-J
knock,noun,A2,CEFR-J
knock,verb,B1,CEFR-J
know,verb,A1,CEFR-J
knowledge,noun,A2,CEFR-J
lab,noun,B1,CEFR-J
label,noun,B2,CEFR-J
laboratory,noun,B1,CEFR-J
labour,noun,A2,CEFR-J
lack,noun,A2,CEFR-J
lack,verb,B2,CEFR-J
ladder,noun,B1,CEFR-J
lady,noun,A1,CEFR-J
lake,noun,A2,CEFR-J
lamp,noun,A2,CEFR-J
land,noun,B1,CEFR-J
land,verb,A2,CEFR-J
landing,noun,B2,CEFR-J
landlord,noun,B1,CEFR-J
landscape,noun,A2,CEFR-J
lane,noun,A2,CEFR-J
language,noun,A1,CEFR-J
lap,noun,B2,CEFR-J
laptop,noun,B2,CEFR-J
large,adjective,A1,CEFR-J
largely,adverb,B1,CEFR-J
laser,noun,B2,CEFR-J
last,adverb,B1,CEFR-J
last,determiner,A2,CEFR-J
last,verb,B1,CEFR-J
late,adjective,A1,CEFR-J
late,adverb,A1,CEFR-J
lately,adverb,B1,CEFR-J
later,adjective,B2,CEFR-J
later,adverb,A1,CEFR-J
latest,adjective,A2,CEFR-J
latter,adjective,B2,CEFR-J
laugh,noun,B1,CEFR-J
laugh,verb,A1,CEFR-J
laughter,noun,B1,CEFR-J
launch,noun,C1,Octanove
launch,verb,B1,CEFR-J
law,noun,A2,CEFR-J
lawn,noun,B2,CEFR-J
lawsuit,noun,B2,CEFR-J
lawyer,noun,A2,CEFR-J
lay,verb,B1,CEFR-J
layer,noun,B1,CEFR-J
lazy,adjective,A1,CEFR-J
lead,noun,A2,CEFR-J
lead,verb,B1,CEFR-J
leader,noun,A1,CEFR-J
leadership,noun,B1,CEFR-J
leading,adjective,B1,CEFR-J
leaf,noun,A1,CEFR-J
leaflet,noun,B2,CEFR-J
league,noun,B1,CEFR-J
leak,noun,B2,CEFR-J
leak,verb,B2,CEFR-J
lean,verb,B2,CEFR-J
leap,noun,B2,CEFR-J
leap,verb,B1,CEFR-J
learn,verb,A1,CEFR-J
learning,noun,B2,CEFR-J
least,adverb,B1,CEFR-J
least,determiner,A2,CEFR-J
least,pronoun,B2,CEFR-J
leather,noun,A2,CEFR-J
leave,noun,B1,CEFR-J
leave,verb,A1,CEFR-J
lecture,noun,B1,CEFR-J
left,adjective,A1,CEFR-J
left,adverb,A2,CEFR-J
left,noun,A2,CEFR-J
leg,noun,A1,CEFR-J
legacy,noun,C1,Octanove
legal,adjective,B1,CEFR-J
legend,noun,B2,CEFR-J
legendary,adjective,B2,CEFR-J
legislation,noun,B2,CEFR-J
legislative,adjective,B2,CEFR-J
legislature,noun,B2,CEFR-J
legitimate,adjective,B2,CEFR-J
leisure,noun,A2,CEFR-J
lemon,noun,A2,CEFR-J
lend,verb,A2,CEFR-J
length,noun,B1,CEFR-J
lengthy,adjective,B2,CEFR-J
less,adverb,A2,CEFR-J
less,determiner,A2,CEFR-J
less,pronoun,A2,CEFR-J
lesson,noun,A1,CEFR-J
let,verb,A1,CEFR-J
letter,noun,A1,CEFR-J
level,adjective,B1,CEFR-J
level,noun,A2,CEFR-J
level,verb,B2,CEFR-J
liberal,adjective,B2,CEFR-J
liberation,noun,B1,CEFR-J
liberty,noun,A2,CEFR-J
library,noun,A1,CEFR-J
license,verb,A2,CEFR-J
lie,noun,B1,CEFR-J
lie,verb,A2,CEFR-J
life,noun,A1,CEFR-J
lifelong,adjective,B1,CEFR-J
lifestyle,noun,A2,CEFR-J
lifetime,noun,B2,CEFR-J
lift,noun,B1,CEFR-J
lift,verb,B1,CEFR-J
light,adjective,A1,CEFR-J
light,noun,A1,CEFR-J
light,verb,B1,CEFR-J
lighting,noun,B2,CEFR-J
like,preposition,A1,CEFR-J
like,verb,A1,CEFR-J
likelihood,noun,C1,Octanove
likely,adjective,A2,CEFR-J
likewise,adverb,B2,CEFR-J
limb,noun,B2,CEFR-J
limit,noun,B1,CEFR-J
limit,verb,B1,CEFR-J
limitation,noun,B1,CEFR-J
limited,adjective,B1,CEFR-J
line,noun,A1,CEFR-J
line,verb,B2,CEFR-J
linear,adjective,C1,Octanove
linger,verb,B2,CEFR-J
link,noun,B1,CEFR-J
link,verb,B1,CEFR-J
lion,noun,A1,CEFR-J
lip,noun,A2,CEFR-J
liquid,adjective,B1,CEFR-J
liquid,noun,B1,CEFR-J
list,noun,A1,CEFR-J
list,verb,B2,CEFR-J
listen,verb,A1,CEFR-J
listener,noun,B2,CEFR-J
literally,adverb,B2,CEFR-J
literary,adjective,B1,CEFR-J
literature,noun,B1,CEFR-J
litre,noun,A2,CEFR-J
litter,noun,B2,CEFR-J
little,adjective,A1,CEFR-J
little,adverb,A1,CEFR-J
little,determiner,B1,CEFR-J
little,pronoun,B1,CEFR-J
live,adjective,B1,CEFR-J
live,verb,A1,CEFR-J
lively,adjective,A2,CEFR-J
liver,noun,B1,CEFR-J
living,adjective,A1,CEFR-J
living,noun,B2,CEFR-J
load,noun,A2,CEFR-J
load,verb,B2,CEFR-J
loan,noun,B2,CEFR-J
lobby,noun,B2,CEFR-J
local,adjective,A2,CEFR-J
locate,verb,B1,CEFR-J
location,noun,B1,CEFR-J
lock,noun,A2,CEFR-J
lock,verb,B1,CEFR-J
log,noun,B1,CEFR-J
logic,noun,B1,CEFR-J
logical,adjective,A2,CEFR-J
logo,noun,B1,CEFR-J
lonely,adjective,A1,CEFR-J
long,adjective,A1,CEFR-J
long,adverb,A2,CEFR-J
long-term,adjective,B2,CEFR-J
look,noun,A1,CEFR-J
look,verb,A1,CEFR-J
loom,verb,C1,Octanove
loose,adjective,A2,CEFR-J
lorry,noun,B1,CEFR-J
lose,verb,A2,CEFR-J
loss,noun,B1,CEFR-J
lost,adjective,A2,CEFR-J
lot,adverb,A1,CEFR-J
lot,pronoun,A1,CEFR-J
lottery,noun,B1,CEFR-J
loud,adjective,B1,CEFR-J
loud,adverb,B1,CEFR-J
loudly,adverb,A2,CEFR-J
love,noun,A1,CEFR-J
love,verb,A1,CEFR-J
lovely,adjective,A1,CEFR-J
low,adjective,A2,CEFR-J
low,adverb,A2,CEFR-J
lower,verb,B2,CEFR-J
loyal,adjective,B1,CEFR-J
loyalty,noun,B1,CEFR-J
luck,noun,A1,CEFR-J
lucky,adjective,A1,CEFR-J
lunch,noun,A1,CEFR-J
lung,noun,B1,CEFR-J
luxury,adjective,B2,CEFR-J
luxury,noun,B1,CEFR-J
machine,noun,A1,CEFR-J
mad,adjective,A2,CEFR-J
magazine,noun,A1,CEFR-J
magic,adjective,A2,CEFR-J
magic,noun,A2,CEFR-J
magical,adjective,B1,CEFR-J
magnetic,adjective,C1,Octanove
magnificent,adjective,B1,CEFR-J
mail,noun,A1,CEFR-J
mail,verb,B1,CEFR-J
main,adjective,B1,CEFR-J
mainly,adverb,A2,CEFR-J
maintain,verb,B1,CEFR-J
maintenance,noun,B1,CEFR-J
major,adjective,A2,CEFR-J
majority,noun,B1,CEFR-J
make,noun,B2,CEFR-J
make,verb,A1,CEFR-J
make-up,noun,A2,CEFR-J
male,adjective,B1,CEFR-J
male,noun,A2,CEFR-J
mall,noun,A2,CEFR-J
man,noun,A1,CEFR-J
manage,verb,A2,CEFR-J
management,noun,B1,CEFR-J
manager,noun,A2,CEFR-J
manipulate,verb,B2,CEFR-J
manipulation,noun,C1,Octanove
manner,noun,A2,CEFR-J
manufacture,verb,B2,CEFR-J
manufacturing,noun,B2,CEFR-J
many,determiner,A1,CEFR-J
many,pronoun,A1,CEFR-J
map,noun,A1,CEFR-J
marathon,noun,B2,CEFR-J
March,noun,A1,CEFR-J
march,noun,B1,CEFR-J
march,verb,B1,CEFR-J
margin,noun,B2,CEFR-J
marginal,adjective,C1,Octanove
marine,adjective,B1,CEFR-J
mark,noun,A2,CEFR-J
mark,verb,A2,CEFR-J
market,noun,A2,CEFR-J
market,verb,B1,CEFR-J
marketing,noun,B2,CEFR-J
marriage,noun,B1,CEFR-J
married,adjective,A2,CEFR-J
marry,verb,A2,CEFR-J
mask,noun,B2,CEFR-J
mass,adjective,B1,CEFR-J
mass,noun,B2,CEFR-J
massacre,noun,B2,CEFR-J
massive,adjective,B1,CEFR-J
master,noun,B2,CEFR-J
match,noun,A1,CEFR-J
match,verb,B1,CEFR-J
mate,noun,B2,CEFR-J
material,noun,A2,CEFR-J
mathematical,adjective,B2,CEFR-J
mathematics,noun,B1,CEFR-J
maths,noun,A1,CEFR-J
matter,noun,A1,CEFR-J
matter,verb,A2,CEFR-J
mature,adjective,B2,CEFR-J
maximum,adjective,B1,CEFR-J
maximum,noun,B1,CEFR-J
May,noun,A1,CEFR-J
may,modal verb,A1,CEFR-J
maybe,adverb,A1,CEFR-J
mayor,noun,B1,CEFR-J
me,pronoun,A1,CEFR-J
meal,noun,A1,CEFR-J
mean,verb,A1,CEFR-J
meaning,noun,A2,CEFR-J
meaningful,adjective,B1,CEFR-J
means,noun,B2,CEFR-J
meanwhile,adverb,B1,CEFR-J
measure,noun,B1,CEFR-J
measure,verb,B1,CEFR-J
measurement,noun,B1,CEFR-J
meat,noun,A1,CEFR-J
mechanic,noun,B1,CEFR-J
mechanical,adjective,B1,CEFR-J
mechanism,noun,C1,Octanove
medal,noun,A2,CEFR-J
media,noun,B2,CEFR-J
medical,adjective,A2,CEFR-J
medication,noun,B2,CEFR-J
medicine,noun,A1,CEFR-J
medieval,adjective,B2,CEFR-J
meditation,noun,B1,CEFR-J
medium,adjective,B1,CEFR-J
medium,noun,B1,CEFR-J
meet,verb,A1,CEFR-J
meeting,noun,A1,CEFR-J
melody,noun,B2,CEFR-J
melt,verb,B1,CEFR-J
member,noun,A2,CEFR-J
membership,noun,B1,CEFR-J
memorable,adjective,B1,CEFR-J
memorial,noun,B2,CEFR-J
memory,noun,A1,CEFR-J
mental,adjective,B1,CEFR-J
mention,noun,A2,CEFR-J
mention,verb,B1,CEFR-J
mentor,noun,B2,CEFR-J
menu,noun,A2,CEFR-J
merchant,noun,B1,CEFR-J
mercy,noun,B2,CEFR-J
mere,adjective,B1,CEFR-J
merely,adverb,B1,CEFR-J
merge,verb,B2,CEFR-J
merger,noun,B2,CEFR-J
mess,noun,B1,CEFR-J
message,noun,A1,CEFR-J
metal,noun,A2,CEFR-J
metaphor,noun,B2,CEFR-J
method,noun,A2,CEFR-J
metre,noun,A2,CEFR-J
middle,adjective,A1,CEFR-J
middle,noun,A2,CEFR-J
midnight,noun,A2,CEFR-J
midst,noun,B2,CEFR-J
might,modal verb,A2,CEFR-J
migration,noun,B2,CEFR-J
mild,adjective,B1,CEFR-J
mile,noun,B1,CEFR-J
military,adjective,A2,CEFR-J
milk,noun,A1,CEFR-J
mill,noun,B2,CEFR-J
million,number,A2,CEFR-J
mind,noun,A1,CEFR-J
mind,verb,A2,CEFR-J
mine,noun,B2,CEFR-J
mine,pronoun,A1,CEFR-J
mineral,noun,B1,CEFR-J
minimize,verb,B1,CEFR-J
minimum,adjective,B1,CEFR-J
minimum,noun,B1,CEFR-J
minister,noun,B2,CEFR-J
minor,adjective,B1,CEFR-J
minority,noun,B1,CEFR-J
minute,noun,A1,CEFR-J
miracle,noun,B1,CEFR-J
mirror,noun,A2,CEFR-J
miserable,adjective,B1,CEFR-J
misery,noun,B1,CEFR-J
misleading,adjective,B2,CEFR-J
miss,verb,A1,CEFR-J
missile,noun,B2,CEFR-J
missing,adjective,A2,CEFR-J
mission,noun,B1,CEFR-J
mistake,noun,A2,CEFR-J
mix,noun,B2,CEFR-J
mix,verb,A2,CEFR-J
mixture,noun,B2,CEFR-J
mobile,adjective,A2,CEFR-J
mobile,noun,A1,CEFR-J
mobility,noun,B2,CEFR-J
model,noun,A2,CEFR-J
model,verb,B1,CEFR-J
moderate,adjective,B1,CEFR-J
modern,adjective,A2,CEFR-J
modest,adjective,B2,CEFR-J
modification,noun,B2,CEFR-J
modify,verb,B1,CEFR-J
moment,noun,A1,CEFR-J
Monday,noun,A1,CEFR-J
money,noun,A1,CEFR-J
monitor,noun,B1,CEFR-J
monitor,verb,B1,CEFR-J
monk,noun,B1,CEFR-J
monkey,noun,A1,CEFR-J
monster,noun,B1,CEFR-J
month,noun,A1,CEFR-J
monthly,adjective,B1,CEFR-J
monument,noun,B1,CEFR-J
mood,noun,A2,CEFR-J
moon,noun,A1,CEFR-J
moral,adjective,B2,CEFR-J
moral,noun,B1,CEFR-J
morality,noun,B2,CEFR-J
more,adverb,B1,CEFR-J
more,determiner,A1,CEFR-J
more,pronoun,A1,CEFR-J
moreover,adverb,B1,CEFR-J
morning,noun,A1,CEFR-J
mortgage,noun,B2,CEFR-J
mosque,noun,A2,CEFR-J
most,adverb,A2,CEFR-J
most,determiner,A1,CEFR-J
most,pronoun,A2,CEFR-J
mostly,adverb,A2,CEFR-J
mother,noun,A1,CEFR-J
motion,noun,B2,CEFR-J
motivate,verb,B1,CEFR-J
motivation,noun,B1,CEFR-J
motive,noun,B1,CEFR-J
motor,noun,B1,CEFR-J
motorcycle,noun,B1,CEFR-J
motorist,noun,B2,CEFR-J
mount,verb,B2,CEFR-J
mountain,noun,A1,CEFR-J
mouse,noun,A1,CEFR-J
mouth,noun,A1,CEFR-J
move,noun,A1,CEFR-J
move,verb,A2,CEFR-J
movement,noun,B1,CEFR-J
movie,noun,A1,CEFR-J
moving,adjective,B2,CEFR-J
much,adverb,A1,CEFR-J
much,determiner,A1,CEFR-J
much,pronoun,A1,CEFR-J
mud,noun,B1,CEFR-J
multiple,adjective,B2,CEFR-J
multiply,verb,B2,CEFR-J
mum,noun,A1,CEFR-J
murder,noun,A2,CEFR-J
murder,verb,B1,CEFR-J
muscle,noun,B1,CEFR-J
museum,noun,A2,CEFR-J
music,noun,A1,CEFR-J
musical,adjective,A2,CEFR-J
musical,noun,B2,CEFR-J
musician,noun,A1,CEFR-J
must,modal verb,A1,CEFR-J
mutual,adjective,B1,CEFR-J
my,determiner,A1,CEFR-J
myself,pronoun,A2,CEFR-J
mysterious,adjective,A2,CEFR-J
mystery,noun,A2,CEFR-J
myth,noun,B1,CEFR-J
nail,noun,B1,CEFR-J
naked,adjective,B1,CEFR-J
name,noun,A1,CEFR-J
name,verb,B1,CEFR-J
narrative,adjective,B1,CEFR-J
narrow,adjective,B1,CEFR-J
nasty,adjective,B1,CEFR-J
nation,noun,A2,CEFR-J
national,adjective,A2,CEFR-J
nationwide,adjective,B2,CEFR-J
native,adjective,A2,CEFR-J
natural,adjective,A2,CEFR-J
naturally,adverb,B1,CEFR-J
nature,noun,A2,CEFR-J
naval,adjective,B2,CEFR-J
navigation,noun,B2,CEFR-J
near,adjective,B1,CEFR-J
near,adverb,B1,CEFR-J
near,preposition,A1,CEFR-J
nearby,adjective,B1,CEFR-J
nearby,adverb,B1,CEFR-J
nearly,adverb,A2,CEFR-J
neat,adjective,B2,CEFR-J
necessarily,adverb,B2,CEFR-J
necessary,adjective,A2,CEFR-J
necessity,noun,B2,CEFR-J
neck,noun,A1,CEFR-J
need,noun,B2,CEFR-J
need,verb,A2,CEFR-J
need,modal verb,A1,CEFR-J
needle,noun,B1,CEFR-J
negative,adjective,A2,CEFR-J
neglect,noun,B2,CEFR-J
negotiate,verb,B1,CEFR-J
negotiation,noun,B1,CEFR-J
neighbour,noun,A1,CEFR-J
neighbourhood,noun,B1,CEFR-J
neighbouring,adjective,B2,CEFR-J
neither,adverb,B2,CEFR-J
neither,determiner,B2,CEFR-J
neither,pronoun,B2,CEFR-J
nerve,noun,B2,CEFR-J
nervous,adjective,A2,CEFR-J
net,adjective,A2,CEFR-J
net,noun,B1,CEFR-J
network,noun,B1,CEFR-J
neutral,adjective,B1,CEFR-J
never,adverb,A1,CEFR-J
nevertheless,adverb,B1,CEFR-J
new,adjective,A1,CEFR-J
newly,adverb,B1,CEFR-J
news,noun,A1,CEFR-J
newspaper,noun,A1,CEFR-J
next,adverb,A2,CEFR-J
next to,preposition,A2,CEFR-J
nice,adjective,A1,CEFR-J
niche,noun,C1,Octanove
night,noun,A1,CEFR-J
nightmare,noun,B2,CEFR-J
nine,number,A1,CEFR-J
nineteen,number,A1,CEFR-J
ninety,number,A1,CEFR-J
no,determiner,A1,CEFR-J
no one,pronoun,A2,CEFR-J
noble,adjective,B2,CEFR-J
nobody,pronoun,A2,CEFR-J
nod,verb,B2,CEFR-J
noise,noun,A1,CEFR-J
noisy,adjective,A2,CEFR-J
nomination,noun,B2,CEFR-J
nominee,noun,B2,CEFR-J
none,pronoun,B1,CEFR-J
nonetheless,adverb,B1,CEFR-J
nonsense,noun,B1,CEFR-J
noon,noun,A2,CEFR-J
nor,conjunction,B1,CEFR-J
normal,adjective,A2,CEFR-J
normally,adverb,B1,CEFR-J
north,adjective,A2,CEFR-J
north,adverb,A2,CEFR-J
north,noun,A2,CEFR-J
northern,adjective,B1,CEFR-J
nose,noun,A1,CEFR-J
not,adverb,A1,CEFR-J
notable,adjective,C1,Octanove
note,noun,A1,CEFR-J
note,verb,A1,CEFR-J
notebook,noun,A1,CEFR-J
nothing,pronoun,A1,CEFR-J
notice,noun,A2,CEFR-J
notice,verb,B1,CEFR-J
notion,noun,B1,CEFR-J
notorious,adjective,B1,CEFR-J
novel,noun,A2,CEFR-J
novelist,noun,B1,CEFR-J
November,noun,A1,CEFR-J
now,adverb,A1,CEFR-J
now,conjunction,B2,CEFR-J
nowadays,adverb,A2,CEFR-J
nowhere,adverb,B1,CEFR-J
nuclear,adjective,B1,CEFR-J
number,noun,A1,CEFR-J
numerous,adjective,B1,CEFR-J
nurse,noun,A1,CEFR-J
nursery,noun,B2,CEFR-J
nut,noun,B2,CEFR-J
nutrition,noun,B1,CEFR-J
o'clock,adverb,A1,CEFR-J
obey,verb,B2,CEFR-J
object,noun,B1,CEFR-J
object,verb,B2,CEFR-J
objection,noun,B1,CEFR-J
objective,adjective,B2,CEFR-J
objective,noun,B1,CEFR-J
obligation,noun,B2,CEFR-J
oblige,verb,C1,Octanove
observation,noun,B1,CEFR-J
observe,verb,B1,CEFR-J
observer,noun,B2,CEFR-J
obsess,verb,B2,CEFR-J
obsession,noun,B2,CEFR-J
obstacle,noun,B1,CEFR-J
obtain,verb,B1,CEFR-J
obvious,adjective,B1,CEFR-J
obviously,adverb,B1,CEFR-J
occasion,noun,B1,CEFR-J
occasional,adjective,B1,CEFR-J
occasionally,adverb,B1,CEFR-J
occupation,noun,A2,CEFR-J
occupy,verb,B1,CEFR-J
occur,verb,B1,CEFR-J
ocean,noun,B1,CEFR-J
October,noun,A1,CEFR-J
odd,adjective,B2,CEFR-J
of,preposition,A1,CEFR-J
off,adverb,A2,CEFR-J
off,preposition,B1,CEFR-J
offence,noun,B2,CEFR-J
offend,verb,B2,CEFR-J
offender,noun,B2,CEFR-J
offensive,adjective,B1,CEFR-J
offer,noun,A2,CEFR-J
offer,verb,A2,CEFR-J
office,noun,A1,CEFR-J
officer,noun,A1,CEFR-J
official,adjective,A2,CEFR-J
official,noun,B2,CEFR-J
offspring,noun,C1,Octanove
often,adverb,A1,CEFR-J
oil,noun,A2,CEFR-J
OK,adjective,A1,CEFR-J
OK,adverb,A1,CEFR-J
old,adjective,A1,CEFR-J
old-fashioned,adjective,B1,CEFR-J
on,adverb,A2,CEFR-J
on,preposition,A1,CEFR-J
once,adverb,A1,CEFR-J
once,conjunction,B2,CEFR-J
one,determiner,A1,CEFR-J
one,number,A1,CEFR-J
one,pronoun,A2,CEFR-J
onion,noun,A2,CEFR-J
online,adjective,A2,CEFR-J
online,adverb,A2,CEFR-J
only,adjective,A1,CEFR-J
only,adverb,A1,CEFR-J
onto,preposition,B1,CEFR-J
open,adjective,A1,CEFR-J
open,verb,A1,CEFR-J
opening,noun,B1,CEFR-J
openly,adverb,B2,CEFR-J
opera,noun,A1,CEFR-J
operate,verb,A2,CEFR-J
operation,noun,B1,CEFR-J
operator,noun,B2,CEFR-J
opinion,noun,A2,CEFR-J
opponent,noun,B2,CEFR-J
opportunity,noun,A2,CEFR-J
oppose,verb,A2,CEFR-J
opposite,adjective,A2,CEFR-J
opposite,adverb,B1,CEFR-J
opposite,noun,B1,CEFR-J
opposite,preposition,A2,CEFR-J
opposition,noun,B1,CEFR-J
optimism,noun,B2,CEFR-J
optimistic,adjective,B2,CEFR-J
option,noun,B1,CEFR-J
or,conjunction,A1,CEFR-J
oral,adjective,B2,CEFR-J
orange,adjective,A1,CEFR-J
orange,noun,A1,CEFR-J
orchestra,noun,B1,CEFR-J
order,noun,A1,CEFR-J
order,verb,A2,CEFR-J
ordinary,adjective,B1,CEFR-J
organ,noun,B1,CEFR-J
organic,adjective,B1,CEFR-J
organization,noun,B1,CEFR-J
organizational,adjective,C1,Octanove
organize,verb,A2,CEFR-J
organized,adjective,A2,CEFR-J
organizer,noun,B2,CEFR-J
origin,noun,B1,CEFR-J
original,adjective,A2,CEFR-J
original,noun,B2,CEFR-J
originally,adverb,B2,CEFR-J
originate,verb,B2,CEFR-J
other,pronoun,A2,CEFR-J
otherwise,adverb,B1,CEFR-J
our,determiner,A1,CEFR-J
ours,pronoun,A1,CEFR-J
ourselves,pronoun,A2,CEFR-J
out,adverb,A1,CEFR-J
outbreak,noun,B2,CEFR-J
outcome,noun,B2,CEFR-J
outdoor,adjective,B1,CEFR-J
outdoors,adverb,B1,CEFR-J
outer,adjective,B1,CEFR-J
outfit,noun,B2,CEFR-J
outing,noun,B2,CEFR-J
outlet,noun,B2,CEFR-J
outline,noun,B2,CEFR-J
outline,verb,B1,CEFR-J
outlook,noun,B2,CEFR-J
output,noun,B2,CEFR-J
outrage,noun,B2,CEFR-J
outside,adjective,B2,CEFR-J
outside,adverb,A1,CEFR-J
outside,noun,B2,CEFR-J
outside,preposition,A2,CEFR-J
outsider,noun,B2,CEFR-J
outstanding,adjective,B1,CEFR-J
oven,noun,A2,CEFR-J
over,adverb,A2,CEFR-J
over,preposition,A1,CEFR-J
overall,adjective,B2,CEFR-J
overall,adverb,B2,CEFR-J
overcome,verb,B1,CEFR-J
overlook,verb,B2,CEFR-J
overly,adverb,B2,CEFR-J
overnight,adverb,B1,CEFR-J
overseas,adjective,B2,CEFR-J
overseas,adverb,A2,CEFR-J
oversee,verb,C1,Octanove
overturn,verb,B2,CEFR-J
overwhelm,verb,B1,CEFR-J
overwhelming,adjective,B1,CEFR-J
owe,verb,B1,CEFR-J
own,adjective,A1,CEFR-J
own,pronoun,A2,CEFR-J
own,verb,B1,CEFR-J
owner,noun,A1,CEFR-J
oxygen,noun,B1,CEFR-J
pace,noun,B1,CEFR-J
pace,verb,C1,Octanove
pack,noun,A2,CEFR-J
pack,verb,A2,CEFR-J
package,noun,B1,CEFR-J
packet,noun,B2,CEFR-J
pad,noun,B2,CEFR-J
page,noun,A1,CEFR-J
pain,noun,B1,CEFR-J
painful,adjective,B1,CEFR-J
paint,noun,A1,CEFR-J
paint,verb,A1,CEFR-J
painter,noun,A2,CEFR-J
painting,noun,A1,CEFR-J
pair,noun,A1,CEFR-J
palace,noun,A1,CEFR-J
pale,adjective,B1,CEFR-J
palm,noun,B1,CEFR-J
pan,noun,A2,CEFR-J
panel,noun,B2,CEFR-J
panic,noun,A2,CEFR-J
pants,noun,A1,CEFR-J
paper,noun,A1,CEFR-J
parade,noun,B2,CEFR-J
paragraph,noun,A1,CEFR-J
parent,noun,A1,CEFR-J
parental,adjective,B1,CEFR-J
park,noun,A1,CEFR-J
park,verb,A2,CEFR-J
parking,noun,B1,CEFR-J
parliament,noun,B2,CEFR-J
part,noun,A2,CEFR-J
part-time,adjective,B1,CEFR-J
partial,adjective,B1,CEFR-J
participant,noun,B1,CEFR-J
participate,verb,B1,CEFR-J
participation,noun,B2,CEFR-J
particular,adjective,B2,CEFR-J
particularly,adverb,B1,CEFR-J
partly,adverb,A2,CEFR-J
partner,noun,A1,CEFR-J
partnership,noun,B2,CEFR-J
party,noun,A1,CEFR-J
pass,noun,A2,CEFR-J
pass,verb,A2,CEFR-J
passage,noun,A2,CEFR-J
passenger,noun,A2,CEFR-J
passion,noun,B1,CEFR-J
passionate,adjective,B2,CEFR-J
passive,adjective,B1,CEFR-J
passport,noun,B1,CEFR-J
password,noun,B1,CEFR-J
past,adjective,B1,CEFR-J
past,adverb,A1,CEFR-J
past,preposition,A1,CEFR-J
pastor,noun,B2,CEFR-J
patch,noun,B2,CEFR-J
path,noun,A2,CEFR-J
patience,noun,B1,CEFR-J
patient,adjective,B1,CEFR-J
patient,noun,A2,CEFR-J
patrol,noun,B1,CEFR-J
patron,noun,B2,CEFR-J
pattern,noun,B1,CEFR-J
pause,noun,B1,CEFR-J
pause,verb,B1,CEFR-J
pay,noun,A1,CEFR-J
pay,verb,A1,CEFR-J
payment,noun,B2,CEFR-J
peace,noun,A1,CEFR-J
peaceful,adjective,A2,CEFR-J
peak,noun,B2,CEFR-J
peasant,noun,C1,Octanove
peculiar,adjective,B1,CEFR-J
peer,noun,B2,CEFR-J
pen,noun,A1,CEFR-J
penalty,noun,B2,CEFR-J
pencil,noun,A1,CEFR-J
penny,noun,B1,CEFR-J
pension,noun,B2,CEFR-J
people,noun,A1,CEFR-J
pepper,noun,A2,CEFR-J
per,preposition,B1,CEFR-J
per cent,noun,B1,CEFR-J
perceive,verb,B2,CEFR-J
percentage,noun,B2,CEFR-J
perception,noun,B2,CEFR-J
perfect,adjective,A2,CEFR-J
perfectly,adverb,A2,CEFR-J
perform,verb,A2,CEFR-J
performance,noun,A2,CEFR-J
perhaps,adverb,A2,CEFR-J
period,noun,A1,CEFR-J
permanent,adjective,B1,CEFR-J
permanently,adverb,B1,CEFR-J
permission,noun,A2,CEFR-J
permit,verb,B1,CEFR-J
persist,verb,B2,CEFR-J
persistent,adjective,B2,CEFR-J
person,noun,A1,CEFR-J
personal,adjective,A1,CEFR-J
personality,noun,A2,CEFR-J
personally,adverb,B1,CEFR-J
personnel,noun,B2,CEFR-J
perspective,noun,B2,CEFR-J
persuade,verb,B1,CEFR-J
pet,noun,A1,CEFR-J
petrol,noun,A2,CEFR-J
phase,noun,B2,CEFR-J
phenomenon,noun,B1,CEFR-J
philosopher,noun,B1,CEFR-J
philosophical,adjective,B2,CEFR-J
philosophy,noun,B1,CEFR-J
phone,noun,A1,CEFR-J
phone,verb,A1,CEFR-J
photo,noun,A1,CEFR-J
photograph,noun,A2,CEFR-J
photograph,verb,B2,CEFR-J
photographer,noun,A2,CEFR-J
photography,noun,A2,CEFR-J
phrase,noun,B1,CEFR-J
physical,adjective,A2,CEFR-J
physician,noun,B2,CEFR-J
physics,noun,B1,CEFR-J
piano,noun,A1,CEFR-J
pick,noun,B1,CEFR-J
pick,verb,A1,CEFR-J
picture,noun,A1,CEFR-J
picture,verb,B2,CEFR-J
piece,noun,A1,CEFR-J
pig,noun,A1,CEFR-J
pile,noun,A2,CEFR-J
pill,noun,A2,CEFR-J
pilot,noun,A2,CEFR-J
pin,noun,B2,CEFR-J
pin,verb,B1,CEFR-J
pink,adjective,A1,CEFR-J
pink,noun,A2,CEFR-J
pioneer,noun,C1,Octanove
pioneer,verb,C1,Octanove
pipe,noun,B1,CEFR-J
pirate,noun,B2,CEFR-J
pit,noun,B1,CEFR-J
pitch,noun,B2,CEFR-J
pity,noun,A2,CEFR-J
place,noun,A1,CEFR-J
place,verb,B1,CEFR-J
plain,adjective,B1,CEFR-J
plan,noun,A1,CEFR-J
plan,verb,B1,CEFR-J
plane,noun,A1,CEFR-J
planet,noun,A2,CEFR-J
planning,noun,B2,CEFR-J
plant,noun,A2,CEFR-J
plant,verb,B1,CEFR-J
plastic,adjective,A2,CEFR-J
plastic,noun,B1,CEFR-J
plate,noun,A2,CEFR-J
platform,noun,B1,CEFR-J
play,noun,A1,CEFR-J
play,verb,A1,CEFR-J
player,noun,A1,CEFR-J
plead,verb,B2,CEFR-J
pleasant,adjective,A2,CEFR-J
please,verb,B1,CEFR-J
pleased,adjective,A2,CEFR-J
pleasure,noun,A1,CEFR-J
plenty,pronoun,B1,CEFR-J
plot,noun,B2,CEFR-J
plug,noun,B1,CEFR-J
plug,verb,B2,CEFR-J
plunge,verb,C1,Octanove
plus,conjunction,B1,CEFR-J
plus,noun,B2,CEFR-J
plus,preposition,A2,CEFR-J
pocket,noun,A1,CEFR-J
poem,noun,A1,CEFR-J
poet,noun,B1,CEFR-J
poetry,noun,B1,CEFR-J
point,noun,A1,CEFR-J
point,verb,A2,CEFR-J
poison,noun,B1,CEFR-J
poison,verb,B2,CEFR-J
poisonous,adjective,B1,CEFR-J
pole,noun,B1,CEFR-J
police,noun,A2,CEFR-J
policeman,noun,A2,CEFR-J
policy,noun,B1,CEFR-J
polite,adjective,A2,CEFR-J
political,adjective,A2,CEFR-J
politician,noun,B1,CEFR-J
politics,noun,B1,CEFR-J
pollution,noun,A1,CEFR-J
pond,noun,B1,CEFR-J
pool,noun,A1,CEFR-J
poor,adjective,A1,CEFR-J
pop,noun,A1,CEFR-J
pop,verb,B2,CEFR-J
popular,adjective,A2,CEFR-J
popularity,noun,B2,CEFR-J
population,noun,A2,CEFR-J
port,noun,B1,CEFR-J
portion,noun,B2,CEFR-J
portrait,noun,A2,CEFR-J
portray,verb,C1,Octanove
pose,verb,C1,Octanove
position,noun,A2,CEFR-J
positive,adjective,B1,CEFR-J
possess,verb,B1,CEFR-J
possession,noun,B1,CEFR-J
possibility,noun,B1,CEFR-J
possible,adjective,A2,CEFR-J
possibly,adverb,A2,CEFR-J
post,noun,A1,CEFR-J
post,verb,A2,CEFR-J
poster,noun,A1,CEFR-J
postpone,verb,B2,CEFR-J
pot,noun,B1,CEFR-J
potato,noun,A1,CEFR-J
potential,adjective,B2,CEFR-J
potential,noun,B1,CEFR-J
potentially,adverb,B2,CEFR-J
pound,noun,B1,CEFR-J
pour,verb,A2,CEFR-J
poverty,noun,B1,CEFR-J
powder,noun,B1,CEFR-J
power,noun,A2,CEFR-J
powerful,adjective,A2,CEFR-J
practical,adjective,B1,CEFR-J
practice,noun,A1,CEFR-J
practise,verb,A1,CEFR-J
praise,noun,B1,CEFR-J
praise,verb,B2,CEFR-J
pray,verb,A1,CEFR-J
prayer,noun,B1,CEFR-J
preach,verb,C1,Octanove
precede,verb,B2,CEFR-J
precious,adjective,B1,CEFR-J
precise,adjective,A2,CEFR-J
precisely,adverb,B2,CEFR-J
precision,noun,C1,Octanove
predecessor,noun,C1,Octanove
predict,verb,A2,CEFR-J
predictable,adjective,B2,CEFR-J
prediction,noun,A2,CEFR-J
prefer,verb,A2,CEFR-J
preference,noun,B1,CEFR-J
pregnant,adjective,B1,CEFR-J
prejudice,noun,B1,CEFR-J
preliminary,adjective,B2,CEFR-J
premier,adjective,C1,Octanove
premise,noun,C1,Octanove
preparation,noun,B1,CEFR-J
prepare,verb,A2,CEFR-J
prepared,adjective,B1,CEFR-J
prescribe,verb,B2,CEFR-J
prescription,noun,B1,CEFR-J
presence,noun,B1,CEFR-J
present,adjective,B1,CEFR-J
present,noun,A1,CEFR-J
present,verb,B2,CEFR-J
presentation,noun,B1,CEFR-J
preservation,noun,B1,CEFR-J
preserve,verb,B1,CEFR-J
presidency,noun,B2,CEFR-J
president,noun,B1,CEFR-J
presidential,adjective,B2,CEFR-J
press,noun,B1,CEFR-J
press,verb,B1,CEFR-J
pressure,noun,A2,CEFR-J
prestigious,adjective,B2,CEFR-J
presumably,adverb,B2,CEFR-J
pretend,verb,A2,CEFR-J
pretty,adjective,A1,CEFR-J
pretty,adverb,A2,CEFR-J
prevail,verb,B2,CEFR-J
prevent,verb,A2,CEFR-J
prevention,noun,B2,CEFR-J
previous,adjective,B1,CEFR-J
previously,adverb,B2,CEFR-J
price,noun,A1,CEFR-J
price,verb,B2,CEFR-J
pride,noun,A2,CEFR-J
priest,noun,B1,CEFR-J
primarily,adverb,B1,CEFR-J
primary,adjective,B2,CEFR-J
prime,adjective,B2,CEFR-J
prince,noun,A1,CEFR-J
princess,noun,A1,CEFR-J
principal,adjective,A2,CEFR-J
principal,noun,B2,CEFR-J
principle,noun,B1,CEFR-J
print,noun,B1,CEFR-J
print,verb,A2,CEFR-J
printer,noun,A2,CEFR-J
prior,adjective,B2,CEFR-J
priority,noun,B2,CEFR-J
prison,noun,B1,CEFR-J
prisoner,noun,B1,CEFR-J
privacy,noun,B1,CEFR-J
private,adjective,A2,CEFR-J
privilege,noun,B2,CEFR-J
prize,noun,B1,CEFR-J
probability,noun,B1,CEFR-J
probable,adjective,B2,CEFR-J
probably,adverb,A2,CEFR-J
probe,noun,B2,CEFR-J
problem,noun,A1,CEFR-J
procedure,noun,B2,CEFR-J
proceed,verb,B1,CEFR-J
process,noun,B1,CEFR-J
process,verb,B2,CEFR-J
proclaim,verb,B1,CEFR-J
produce,verb,A2,CEFR-J
producer,noun,B1,CEFR-J
product,noun,A2,CEFR-J
production,noun,A2,CEFR-J
productive,adjective,B1,CEFR-J
profession,noun,B1,CEFR-J
professional,adjective,A2,CEFR-J
professional,noun,B2,CEFR-J
professor,noun,B1,CEFR-J
profile,noun,B2,CEFR-J
profit,noun,B2,CEFR-J
profitable,adjective,B2,CEFR-J
profound,adjective,C1,Octanove
program,noun,A1,CEFR-J
program,verb,B1,CEFR-J
programme,noun,A1,CEFR-J
programming,noun,B2,CEFR-J
progress,noun,B1,CEFR-J
progress,verb,B2,CEFR-J
progressive,adjective,A2,CEFR-J
prohibit,verb,B2,CEFR-J
project,noun,B2,CEFR-J
project,verb,B2,CEFR-J
projection,noun,B2,CEFR-J
prominent,adjective,B1,CEFR-J
promise,noun,A2,CEFR-J
promise,verb,B1,CEFR-J
promote,verb,B1,CEFR-J
promotion,noun,B1,CEFR-J
prompt,verb,B2,CEFR-J
pronounce,verb,A2,CEFR-J
proof,noun,B1,CEFR-J
proper,adjective,A2,CEFR-J
properly,adverb,B1,CEFR-J
property,noun,B1,CEFR-J
proportion,noun,B1,CEFR-J
proposal,noun,B1,CEFR-J
propose,verb,B1,CEFR-J
prosecute,verb,B2,CEFR-J
prospect,noun,B2,CEFR-J
prospective,adjective,C1,Octanove
prosperity,noun,B1,CEFR-J
protect,verb,B1,CEFR-J
protection,noun,B1,CEFR-J
protective,adjective,B1,CEFR-J
protest,noun,B1,CEFR-J
protest,verb,B2,CEFR-J
proud,adjective,B1,CEFR-J
prove,verb,B1,CEFR-J
provide,verb,A2,CEFR-J
province,noun,B2,CEFR-J
provision,noun,B2,CEFR-J
provoke,verb,C1,Octanove
psychiatric,adjective,C1,Octanove
psychological,adjective,B1,CEFR-J
psychologist,noun,A2,CEFR-J
psychology,noun,B2,CEFR-J
pub,noun,B1,CEFR-J
public,adjective,B1,CEFR-J
public,noun,A2,CEFR-J
publication,noun,B2,CEFR-J
publicity,noun,B2,CEFR-J
publish,verb,A2,CEFR-J
pull,verb,A2,CEFR-J
pulse,noun,B2,CEFR-J
pump,noun,B1,CEFR-J
punch,noun,B2,CEFR-J
punch,verb,B2,CEFR-J
punish,verb,B1,CEFR-J
punishment,noun,B1,CEFR-J
pupil,noun,B1,CEFR-J
purchase,noun,B2,CEFR-J
purchase,verb,B2,CEFR-J
pure,adjective,B1,CEFR-J
purple,adjective,A2,CEFR-J
purple,noun,A1,CEFR-J
purpose,noun,A2,CEFR-J
pursue,verb,A2,CEFR-J
pursuit,noun,B2,CEFR-J
push,noun,B1,CEFR-J
push,verb,A1,CEFR-J
put,verb,A1,CEFR-J
puzzle,noun,B1,CEFR-J
qualification,noun,B2,CEFR-J
qualified,adjective,B1,CEFR-J
qualify,verb,B1,CEFR-J
quality,noun,A2,CEFR-J
quantity,noun,B1,CEFR-J
quarter,noun,A1,CEFR-J
queen,noun,A2,CEFR-J
query,noun,B2,CEFR-J
quest,noun,C1,Octanove
question,noun,A1,CEFR-J
question,verb,B2,CEFR-J
questionnaire,noun,B1,CEFR-J
queue,noun,B1,CEFR-J
queue,verb,B2,CEFR-J
quick,adjective,A2,CEFR-J
quickly,adverb,A1,CEFR-J
quiet,adjective,A1,CEFR-J
quietly,adverb,A2,CEFR-J
quit,verb,A2,CEFR-J
quite,adverb,A2,CEFR-J
quotation,noun,B2,CEFR-J
quote,noun,B2,CEFR-J
quote,verb,B2,CEFR-J
race,noun,B1,CEFR-J
race,verb,B1,CEFR-J
racial,adjective,B1,CEFR-J
racism,noun,B2,CEFR-J
racist,noun,B2,CEFR-J
radar,noun,B2,CEFR-J
radiation,noun,B1,CEFR-J
radio,noun,A1,CEFR-J
rage,noun,B1,CEFR-J
rail,noun,B1,CEFR-J
railway,noun,B1,CEFR-J
rain,noun,A1,CEFR-J
rain,verb,A1,CEFR-J
raise,verb,A2,CEFR-J
rally,noun,B2,CEFR-J
rally,verb,C1,Octanove
range,noun,A2,CEFR-J
range,verb,B2,CEFR-J
rank,noun,B1,CEFR-J
rape,noun,B2,CEFR-J
rape,verb,B2,CEFR-J
rapid,adjective,B1,CEFR-J
rapidly,adverb,B1,CEFR-J
rare,adjective,B1,CEFR-J
rarely,adverb,B1,CEFR-J
rat,noun,A1,CEFR-J
rate,noun,A2,CEFR-J
rate,verb,B2,CEFR-J
rather,adverb,A2,CEFR-J
rating,noun,A2,CEFR-J
rational,adjective,B1,CEFR-J
raw,adjective,A2,CEFR-J
ray,noun,A2,CEFR-J
reach,noun,B1,CEFR-J
reach,verb,A2,CEFR-J
react,verb,B1,CEFR-J
reaction,noun,B2,CEFR-J
read,verb,A1,CEFR-J
reader,noun,A1,CEFR-J
readily,adverb,B2,CEFR-J
reading,noun,A1,CEFR-J
ready,adjective,A1,CEFR-J
real,adjective,A1,CEFR-J
realistic,adjective,B1,CEFR-J
reality,noun,B1,CEFR-J
realization,noun,B2,CEFR-J
realize,verb,A2,CEFR-J
really,adverb,A1,CEFR-J
rear,adjective,B2,CEFR-J
reason,noun,A1,CEFR-J
reasonable,adjective,B1,CEFR-J
reasonably,adverb,B2,CEFR-J
reassure,verb,C1,Octanove
rebel,noun,B2,CEFR-J
rebuild,verb,B1,CEFR-J
recall,verb,B1,CEFR-J
receipt,noun,A2,CEFR-J
receive,verb,A2,CEFR-J
recent,adjective,A2,CEFR-J
recently,adverb,A2,CEFR-J
reception,noun,B1,CEFR-J
recession,noun,B2,CEFR-J
recipe,noun,B2,CEFR-J
reckon,verb,B2,CEFR-J
recognition,noun,B2,CEFR-J
recognize,verb,B1,CEFR-J
recommend,verb,B1,CEFR-J
recommendation,noun,B2,CEFR-J
record,noun,B1,CEFR-J
record,verb,A2,CEFR-J
recording,noun,B1,CEFR-J
recover,verb,B1,CEFR-J
recovery,noun,B1,CEFR-J
recruit,verb,B2,CEFR-J
recycle,verb,A2,CEFR-J
red,adjective,A1,CEFR-J
red,noun,A2,CEFR-J
reduce,verb,B1,CEFR-J
reduction,noun,B1,CEFR-J
refer,verb,A2,CEFR-J
referee,noun,B1,CEFR-J
reference,noun,B2,CEFR-J
reflect,verb,A2,CEFR-J
reflection,noun,B1,CEFR-J
reform,noun,B2,CEFR-J
refuge,noun,B2,CEFR-J
refugee,noun,B2,CEFR-J
refusal,noun,B1,CEFR-J
refuse,verb,B1,CEFR-J
regain,verb,B1,CEFR-J
regard,noun,B2,CEFR-J
regard,verb,B1,CEFR-J
regardless,adverb,B2,CEFR-J
regime,noun,B2,CEFR-J
region,noun,B1,CEFR-J
regional,adjective,B1,CEFR-J
register,noun,B1,CEFR-J
register,verb,B1,CEFR-J
registration,noun,B1,CEFR-J
regret,noun,B2,CEFR-J
regret,verb,A2,CEFR-J
regular,adjective,A2,CEFR-J
regularly,adverb,A2,CEFR-J
regulate,verb,B2,CEFR-J
regulation,noun,B1,CEFR-J
reinforce,verb,B2,CEFR-J
reject,verb,B1,CEFR-J
rejection,noun,B2,CEFR-J
relate,verb,B1,CEFR-J
related,adjective,B2,CEFR-J
relation,noun,B1,CEFR-J
relationship,noun,B1,CEFR-J
relative,adjective,B1,CEFR-J
relative,noun,B1,CEFR-J
relatively,adverb,B1,CEFR-J
relax,verb,A2,CEFR-J
relaxed,adjective,A2,CEFR-J
relaxing,adjective,B1,CEFR-J
release,noun,A2,CEFR-J
release,verb,B1,CEFR-J
relevant,adjective,B2,CEFR-J
reliable,adjective,B1,CEFR-J
relief,noun,B2,CEFR-J
relieve,verb,B2,CEFR-J
relieved,adjective,B2,CEFR-J
religion,noun,B1,CEFR-J
religious,adjective,B1,CEFR-J
reluctant,adjective,B2,CEFR-J
rely,verb,B1,CEFR-J
remain,verb,A2,CEFR-J
remainder,noun,B1,CEFR-J
remains,noun,B2,CEFR-J
remark,noun,B2,CEFR-J
remark,verb,B1,CEFR-J
remarkable,adjective,B1,CEFR-J
remarkably,adverb,B2,CEFR-J
remedy,noun,B1,CEFR-J
remember,verb,A1,CEFR-J
remind,verb,A2,CEFR-J
reminder,noun,B2,CEFR-J
remote,adjective,A2,CEFR-J
remove,verb,B1,CEFR-J
render,verb,C1,Octanove
renew,verb,B1,CEFR-J
rent,noun,A2,CEFR-J
rent,verb,A2,CEFR-J
rental,noun,B2,CEFR-J
repair,noun,A2,CEFR-J
repair,verb,A2,CEFR-J
repeat,verb,A1,CEFR-J
replace,verb,A2,CEFR-J
replacement,noun,B2,CEFR-J
reply,noun,A2,CEFR-J
reply,verb,B1,CEFR-J
report,noun,A2,CEFR-J
report,verb,B1,CEFR-J
reporter,noun,A1,CEFR-J
represent,verb,A2,CEFR-J
representative,noun,B1,CEFR-J
reproduce,verb,B1,CEFR-J
republic,noun,B1,CEFR-J
reputation,noun,B1,CEFR-J
request,noun,A2,CEFR-J
request,verb,B1,CEFR-J
require,verb,B1,CEFR-J
requirement,noun,B1,CEFR-J
rescue,noun,B1,CEFR-J
rescue,verb,B1,CEFR-J
research,noun,A2,CEFR-J
research,verb,B2,CEFR-J
researcher,noun,B1,CEFR-J
resemble,verb,B1,CEFR-J
reservation,noun,B1,CEFR-J
reserve,noun,B1,CEFR-J
reserve,verb,B1,CEFR-J
residence,noun,B2,CEFR-J
resident,adjective,B1,CEFR-J
resident,noun,B2,CEFR-J
residential,adjective,B1,CEFR-J
resign,verb,B2,CEFR-J
resignation,noun,B2,CEFR-J
resist,verb,B1,CEFR-J
resistance,noun,B2,CEFR-J
resolution,noun,B2,CEFR-J
resolve,verb,B1,CEFR-J
resort,noun,B1,CEFR-J
resource,noun,B1,CEFR-J
respect,noun,B1,CEFR-J
respect,verb,B1,CEFR-J
respond,verb,B1,CEFR-J
response,noun,A2,CEFR-J
responsibility,noun,B1,CEFR-J
responsible,adjective,B1,CEFR-J
rest,noun,B1,CEFR-J
rest,verb,B1,CEFR-J
restaurant,noun,A1,CEFR-J
restoration,noun,C1,Octanove
restore,verb,B1,CEFR-J
restrict,verb,B1,CEFR-J
restriction,noun,B2,CEFR-J
result,noun,A1,CEFR-J
result,verb,B1,CEFR-J
resume,verb,B2,CEFR-J
retail,noun,B1,CEFR-J
retain,verb,B1,CEFR-J
retire,verb,A2,CEFR-J
retired,adjective,A2,CEFR-J
retirement,noun,B2,CEFR-J
retreat,noun,B2,CEFR-J
retreat,verb,B2,CEFR-J
retrieve,verb,B2,CEFR-J
return,noun,A2,CEFR-J
return,verb,A2,CEFR-J
reveal,verb,A2,CEFR-J
revelation,noun,B2,CEFR-J
revenge,noun,B2,CEFR-J
revenue,noun,B2,CEFR-J
reverse,verb,B2,CEFR-J
review,noun,A1,CEFR-J
review,verb,B2,CEFR-J
revise,verb,B1,CEFR-J
revision,noun,B1,CEFR-J
revival,noun,B2,CEFR-J
revive,verb,B2,CEFR-J
revolution,noun,B2,CEFR-J
revolutionary,adjective,B2,CEFR-J
reward,noun,B1,CEFR-J
reward,verb,B2,CEFR-J
rhythm,noun,A2,CEFR-J
rice,noun,A1,CEFR-J
rich,adjective,A1,CEFR-J
rid,verb,B1,CEFR-J
ride,noun,A1,CEFR-J
ride,verb,A1,CEFR-J
ridiculous,adjective,B1,CEFR-J
right,adjective,A1,CEFR-J
right,adverb,A1,CEFR-J
right,noun,A2,CEFR-J
ring,noun,A2,CEFR-J
ring,verb,A1,CEFR-J
rip,verb,B2,CEFR-J
rise,noun,B1,CEFR-J
rise,verb,B1,CEFR-J
risk,noun,B1,CEFR-J
risk,verb,B2,CEFR-J
risky,adjective,B2,CEFR-J
ritual,noun,B2,CEFR-J
rival,noun,B2,CEFR-J
river,noun,A1,CEFR-J
road,noun,A2,CEFR-J
rob,verb,A2,CEFR-J
robbery,noun,A2,CEFR-J
robot,noun,B1,CEFR-J
robust,adjective,C1,Octanove
rock,noun,A2,CEFR-J
rock,verb,B2,CEFR-J
rocket,noun,B2,CEFR-J
role,noun,A1,CEFR-J
roll,noun,A2,CEFR-J
roll,verb,B2,CEFR-J
romance,noun,A2,CEFR-J
romantic,adjective,A2,CEFR-J
roof,noun,A2,CEFR-J
room,noun,A1,CEFR-J
root,noun,A2,CEFR-J
rope,noun,A2,CEFR-J
rose,noun,A1,CEFR-J
rotate,verb,C1,Octanove
rough,adjective,B1,CEFR-J
roughly,adverb,A2,CEFR-J
round,adjective,B1,CEFR-J
round,adverb,A2,CEFR-J
round,noun,B1,CEFR-J
round,preposition,B2,CEFR-J
route,noun,B2,CEFR-J
routine,noun,B1,CEFR-J
row,noun,A1,CEFR-J
royal,adjective,A2,CEFR-J
rub,verb,B2,CEFR-J
rubber,noun,B1,CEFR-J
rubbish,noun,B1,CEFR-J
rude,adjective,A1,CEFR-J
rugby,noun,A2,CEFR-J
ruin,noun,B1,CEFR-J
ruin,verb,A2,CEFR-J
rule,noun,A1,CEFR-J
rule,verb,B2,CEFR-J
rumour,noun,A2,CEFR-J
run,noun,A1,CEFR-J
run,verb,A1,CEFR-J
runner,noun,A2,CEFR-J
running,noun,A2,CEFR-J
rural,adjective,B2,CEFR-J
rush,noun,A2,CEFR-J
rush,verb,B1,CEFR-J
sack,verb,B2,CEFR-J
sacred,adjective,B1,CEFR-J
sacrifice,noun,C1,Octanove
sacrifice,verb,C1,Octanove
sad,adjective,A1,CEFR-J
sadly,adverb,A2,CEFR-J
safe,adjective,A2,CEFR-J
safety,noun,B1,CEFR-J
sail,verb,B2,CEFR-J
sailing,noun,A2,CEFR-J
sailor,noun,A1,CEFR-J
sake,noun,A2,CEFR-J
salad,noun,A1,CEFR-J
salary,noun,B2,CEFR-J
sale,noun,A1,CEFR-J
salt,noun,A2,CEFR-J
same,adjective,A1,CEFR-J
same,adverb,A1,CEFR-J
same,pronoun,A1,CEFR-J
sample,noun,A2,CEFR-J
sand,noun,B1,CEFR-J
sandwich,noun,A1,CEFR-J
satellite,noun,B1,CEFR-J
satisfaction,noun,B1,CEFR-J
satisfied,adjective,B1,CEFR-J
satisfy,verb,A2,CEFR-J
Saturday,noun,A1,CEFR-J
sauce,noun,A2,CEFR-J
save,verb,A1,CEFR-J
saving,noun,B2,CEFR-J
say,noun,B2,CEFR-J
say,verb,A1,CEFR-J
scale,noun,A2,CEFR-J
scan,verb,B2,CEFR-J
scandal,noun,B2,CEFR-J
scare,verb,B1,CEFR-J
scared,adjective,B1,CEFR-J
scary,adjective,B1,CEFR-J
scenario,noun,C1,Octanove
scene,noun,A2,CEFR-J
schedule,noun,A2,CEFR-J
schedule,verb,B2,CEFR-J
scheme,noun,B2,CEFR-J
scholar,noun,B1,CEFR-J
scholarship,noun,B1,CEFR-J
school,noun,A1,CEFR-J
science,noun,A1,CEFR-J
scientific,adjective,A2,CEFR-J
scientist,noun,A1,CEFR-J
scope,noun,B1,CEFR-J
score,noun,B1,CEFR-J
score,verb,B1,CEFR-J
scratch,noun,B1,CEFR-J
scratch,verb,B2,CEFR-J
scream,noun,A2,CEFR-J
scream,verb,B1,CEFR-J
screen,noun,A2,CEFR-J
screen,verb,B2,CEFR-J
screw,noun,A2,CEFR-J
screw,verb,B2,CEFR-J
script,noun,A2,CEFR-J
scrutiny,noun,C1,Octanove
sculpture,noun,B1,CEFR-J
sea,noun,A1,CEFR-J
seal,noun,B2,CEFR-J
search,noun,A2,CEFR-J
search,verb,B1,CEFR-J
season,noun,B1,CEFR-J
seat,noun,A1,CEFR-J
second,adverb,B1,CEFR-J
second,noun,A2,CEFR-J
secondary,adjective,B2,CEFR-J
secondly,adverb,B2,CEFR-J
secret,adjective,B1,CEFR-J
secret,noun,A2,CEFR-J
secretary,noun,A2,CEFR-J
section,noun,A1,CEFR-J
sector,noun,B2,CEFR-J
secure,adjective,B1,CEFR-J
security,noun,B1,CEFR-J
see,verb,A1,CEFR-J
seed,noun,A2,CEFR-J
seek,verb,A2,CEFR-J
seem,linking verb,A2,CEFR-J
segment,noun,B2,CEFR-J
seize,verb,B1,CEFR-J
seldom,adverb,B2,CEFR-J
select,verb,B2,CEFR-J
selection,noun,B1,CEFR-J
self,noun,A1,CEFR-J
sell,verb,A1,CEFR-J
seminar,noun,B2,CEFR-J
senator,noun,B2,CEFR-J
send,verb,A2,CEFR-J
senior,adjective,A2,CEFR-J
sensation,noun,B1,CEFR-J
sense,noun,A2,CEFR-J
sense,verb,B2,CEFR-J
sensible,adjective,B2,CEFR-J
sensitive,adjective,B2,CEFR-J
sentence,noun,A1,CEFR-J
sentence,verb,B2,CEFR-J
sentiment,noun,C1,Octanove
separate,adjective,A2,CEFR-J
separate,verb,B2,CEFR-J
separation,noun,B1,CEFR-J
September,noun,A1,CEFR-J
sequence,noun,B1,CEFR-J
serial,adjective,B2,CEFR-J
series,noun,B1,CEFR-J
serious,adjective,B1,CEFR-J
seriously,adverb,A2,CEFR-J
servant,noun,B2,CEFR-J
serve,verb,A2,CEFR-J
service,noun,B1,CEFR-J
session,noun,B1,CEFR-J
set,noun,A2,CEFR-J
set,verb,A1,CEFR-J
setting,noun,B1,CEFR-J
settle,verb,B1,CEFR-J
settlement,noun,B1,CEFR-J
settler,noun,B1,CEFR-J
seven,number,A1,CEFR-J
seventeen,number,A1,CEFR-J
seventy,number,A1,CEFR-J
several,determiner,A2,CEFR-J
several,pronoun,A2,CEFR-J
severe,adjective,B1,CEFR-J
severely,adverb,B1,CEFR-J
sex,noun,B1,CEFR-J
sexual,adjective,B2,CEFR-J
sexy,adjective,B2,CEFR-J
shade,noun,A2,CEFR-J
shadow,noun,A2,CEFR-J
shake,noun,A1,CEFR-J
shake,verb,B1,CEFR-J
shall,modal verb,A2,CEFR-J
shallow,adjective,B1,CEFR-J
shame,noun,B1,CEFR-J
shape,noun,A2,CEFR-J
shape,verb,B1,CEFR-J
share,noun,A2,CEFR-J
share,verb,A1,CEFR-J
sharp,adjective,B1,CEFR-J
shatter,verb,B2,CEFR-J
she,pronoun,A1,CEFR-J
shed,verb,C1,Octanove
sheep,noun,A1,CEFR-J
sheer,adjective,B1,CEFR-J
sheet,noun,B1,CEFR-J
shelf,noun,A1,CEFR-J
shell,noun,A2,CEFR-J
shelter,noun,B1,CEFR-J
shift,noun,B2,CEFR-J
shift,verb,B1,CEFR-J
shine,verb,A2,CEFR-J
shiny,adjective,B1,CEFR-J
ship,noun,A1,CEFR-J
ship,verb,B1,CEFR-J
shipping,noun,B2,CEFR-J
shirt,noun,A1,CEFR-J
shock,noun,A2,CEFR-J
shock,verb,B2,CEFR-J
shocked,adjective,B1,CEFR-J
shocking,adjective,B1,CEFR-J
shoe,noun,A1,CEFR-J
shoot,verb,A2,CEFR-J
shooting,noun,B2,CEFR-J
shop,noun,A1,CEFR-J
shop,verb,B1,CEFR-J
shopping,noun,A1,CEFR-J
shore,noun,A2,CEFR-J
short,adjective,A1,CEFR-J
short-term,adjective,B2,CEFR-J
shortage,noun,B1,CEFR-J
shortly,adverb,B1,CEFR-J
shot,noun,A2,CEFR-J
should,modal verb,A1,CEFR-J
shoulder,noun,A1,CEFR-J
shout,noun,A2,CEFR-J
shout,verb,B1,CEFR-J
show,noun,A2,CEFR-J
show,verb,A1,CEFR-J
shower,noun,A1,CEFR-J
shrink,verb,B2,CEFR-J
shrug,verb,B2,CEFR-J
shut,adjective,B1,CEFR-J
shut,verb,A2,CEFR-J
shy,adjective,A1,CEFR-J
sick,adjective,A1,CEFR-J
side,noun,A1,CEFR-J
sigh,noun,B1,CEFR-J
sigh,verb,B2,CEFR-J
sight,noun,A1,CEFR-J
sign,noun,A1,CEFR-J
sign,verb,B1,CEFR-J
signal,noun,B1,CEFR-J
signal,verb,C1,Octanove
signature,noun,B1,CEFR-J
significance,noun,B1,CEFR-J
significant,adjective,A2,CEFR-J
significantly,adverb,B2,CEFR-J
silence,noun,A2,CEFR-J
silent,adjective,B1,CEFR-J
silk,noun,B1,CEFR-J
silly,adjective,A2,CEFR-J
silver,adjective,A2,CEFR-J
silver,noun,A2,CEFR-J
similar,adjective,A2,CEFR-J
similarity,noun,B1,CEFR-J
similarly,adverb,B1,CEFR-J
simple,adjective,A2,CEFR-J
simply,adverb,A2,CEFR-J
simultaneously,adverb,B1,CEFR-J
since,adverb,B2,CEFR-J
since,conjunction,B1,CEFR-J
since,preposition,A2,CEFR-J
sincere,adjective,B2,CEFR-J
sing,verb,A1,CEFR-J
singer,noun,A1,CEFR-J
singing,noun,A2,CEFR-J
single,adjective,A2,CEFR-J
single,noun,B1,CEFR-J
sink,verb,B1,CEFR-J
sir,noun,A1,CEFR-J
sister,noun,A1,CEFR-J
sit,verb,A1,CEFR-J
site,noun,A1,CEFR-J
situation,noun,A2,CEFR-J
six,number,A1,CEFR-J
sixteen,number,A1,CEFR-J
sixty,number,A1,CEFR-J
size,noun,A1,CEFR-J
sketch,noun,C1,Octanove
ski,noun,A2,CEFR-J
ski,verb,B1,CEFR-J
skiing,noun,A2,CEFR-J
skill,noun,A1,CEFR-J
skilled,adjective,B2,CEFR-J
skin,noun,B1,CEFR-J
skip,verb,B2,CEFR-J
skirt,noun,A1,CEFR-J
sky,noun,A1,CEFR-J
slam,verb,B2,CEFR-J
slap,verb,B2,CEFR-J
slave,noun,A2,CEFR-J
slavery,noun,B1,CEFR-J
sleep,noun,B1,CEFR-J
sleep,verb,A1,CEFR-J
slice,noun,A2,CEFR-J
slice,verb,B2,CEFR-J
slide,noun,A2,CEFR-J
slide,verb,B2,CEFR-J
slight,adjective,B2,CEFR-J
slightly,adverb,B1,CEFR-J
slip,verb,B1,CEFR-J
slogan,noun,B1,CEFR-J
slope,noun,B1,CEFR-J
slot,noun,B1,CEFR-J
slow,adjective,A1,CEFR-J
slow,verb,B1,CEFR-J
slowly,adverb,A2,CEFR-J
small,adjective,A1,CEFR-J
smart,adjective,A1,CEFR-J
smash,verb,B2,CEFR-J
smell,noun,A1,CEFR-J
smell,verb,B1,CEFR-J
smile,noun,A1,CEFR-J
smile,verb,B1,CEFR-J
smoke,noun,A1,CEFR-J
smoke,verb,A2,CEFR-J
smoking,noun,A1,CEFR-J
smooth,adjective,A2,CEFR-J
snake,noun,A1,CEFR-J
snap,verb,B2,CEFR-J
snow,noun,A1,CEFR-J
snow,verb,A2,CEFR-J
so,adverb,A2,CEFR-J
so,conjunction,A1,CEFR-J
so-called,adjective,B2,CEFR-J
soak,verb,B2,CEFR-J
soap,noun,A2,CEFR-J
soar,verb,B2,CEFR-J
soccer,noun,A1,CEFR-J
social,adjective,A1,CEFR-J
society,noun,A2,CEFR-J
sock,noun,A2,CEFR-J
soft,adjective,A2,CEFR-J
software,noun,A2,CEFR-J
soil,noun,B2,CEFR-J
solar,adjective,B2,CEFR-J
soldier,noun,A2,CEFR-J
solid,adjective,B1,CEFR-J
solo,adjective,B2,CEFR-J
solo,noun,B2,CEFR-J
solution,noun,A2,CEFR-J
solve,verb,A1,CEFR-J
some,determiner,A1,CEFR-J
some,pronoun,A1,CEFR-J
somebody,pronoun,A2,CEFR-J
somehow,adverb,B1,CEFR-J
someone,pronoun,A1,CEFR-J
something,pronoun,A1,CEFR-J
sometime,adverb,B1,CEFR-J
sometimes,adverb,B1,CEFR-J
somewhat,adverb,B2,CEFR-J
somewhere,adverb,A2,CEFR-J
son,noun,A1,CEFR-J
song,noun,A1,CEFR-J
soon,adverb,A1,CEFR-J
sophisticated,adjective,B2,CEFR-J
sorry,adjective,A1,CEFR-J
sort,noun,B1,CEFR-J
sort,verb,B2,CEFR-J
soul,noun,B1,CEFR-J
sound,adjective,B2,CEFR-J
sound,noun,A2,CEFR-J
sound,verb,A2,CEFR-J
soup,noun,A1,CEFR-J
source,noun,A2,CEFR-J
south,adjective,A2,CEFR-J
south,adverb,A2,CEFR-J
south,noun,A2,CEFR-J
southern,adjective,B1,CEFR-J
space,noun,A2,CEFR-J
span,verb,B2,CEFR-J
spare,adjective,B2,CEFR-J
spare,verb,B2,CEFR-J
speak,verb,A1,CEFR-J
speaker,noun,A2,CEFR-J
special,adjective,A1,CEFR-J
specialist,noun,B1,CEFR-J
specialize,verb,B1,CEFR-J
species,noun,B2,CEFR-J
specific,adjective,A2,CEFR-J
specifically,adverb,B2,CEFR-J
specification,noun,C1,Octanove
specify,verb,B2,CEFR-J
specimen,noun,C1,Octanove
spectacle,noun,B2,CEFR-J
spectacular,adjective,B1,CEFR-J
spectator,noun,B1,CEFR-J
speculate,verb,C1,Octanove
speculation,noun,C1,Octanove
speech,noun,A1,CEFR-J
speed,noun,A2,CEFR-J
speed,verb,B1,CEFR-J
spell,noun,A1,CEFR-J
spell,verb,A2,CEFR-J
spelling,noun,B1,CEFR-J
spend,verb,A1,CEFR-J
sphere,noun,B1,CEFR-J
spice,noun,B1,CEFR-J
spicy,adjective,B1,CEFR-J
spider,noun,B1,CEFR-J
spill,verb,A2,CEFR-J
spin,verb,B2,CEFR-J
spirit,noun,B1,CEFR-J
spiritual,adjective,B1,CEFR-J
spite,noun,B2,CEFR-J
split,noun,B1,CEFR-J
split,verb,B2,CEFR-J
spoil,verb,B1,CEFR-J
spokesman,noun,B2,CEFR-J
spokeswoman,noun,B2,CEFR-J
sponsor,noun,B1,CEFR-J
sponsor,verb,B2,CEFR-J
sponsorship,noun,C1,Octanove
spoon,noun,A2,CEFR-J
sport,noun,A1,CEFR-J
spot,noun,A1,CEFR-J
spot,verb,B2,CEFR-J
spread,noun,A2,CEFR-J
spread,verb,B2,CEFR-J
spring,noun,A1,CEFR-J
spy,noun,A1,CEFR-J
squad,noun,B2,CEFR-J
square,adjective,A2,CEFR-J
square,noun,A2,CEFR-J
squeeze,verb,B2,CEFR-J
stab,verb,B2,CEFR-J
stability,noun,B2,CEFR-J
stable,adjective,B1,CEFR-J
stadium,noun,A2,CEFR-J
staff,noun,A2,CEFR-J
stage,noun,A1,CEFR-J
stair,noun,A2,CEFR-J
stake,noun,B2,CEFR-J
stall,noun,B1,CEFR-J
stamp,noun,A2,CEFR-J
stand,noun,A1,CEFR-J
stand,verb,A2,CEFR-J
standard,adjective,B2,CEFR-J
standard,noun,B1,CEFR-J
star,noun,A1,CEFR-J
star,verb,B1,CEFR-J
stare,verb,B1,CEFR-J
start,noun,A1,CEFR-J
start,verb,A1,CEFR-J
starve,verb,B2,CEFR-J
state,adjective,B2,CEFR-J
state,noun,A2,CEFR-J
state,verb,B2,CEFR-J
statement,noun,A2,CEFR-J
station,noun,A1,CEFR-J
statue,noun,A2,CEFR-J
status,noun,B1,CEFR-J
stay,noun,B1,CEFR-J
stay,verb,A1,CEFR-J
steadily,adverb,B1,CEFR-J
steady,adjective,B1,CEFR-J
steal,verb,A2,CEFR-J
steam,noun,B1,CEFR-J
steel,noun,B1,CEFR-J
steep,adjective,B1,CEFR-J
steer,verb,B2,CEFR-J
stem,verb,B1,CEFR-J
step,noun,A2,CEFR-J
step,verb,A1,CEFR-J
stereotype,noun,B2,CEFR-J
stick,noun,B2,CEFR-J
stick,verb,B1,CEFR-J
sticky,adjective,B1,CEFR-J
stiff,adjective,B2,CEFR-J
still,adjective,A1,CEFR-J
still,adverb,A2,CEFR-J
stimulate,verb,B2,CEFR-J
stir,verb,B1,CEFR-J
stock,noun,B2,CEFR-J
stomach,noun,A2,CEFR-J
stone,noun,A1,CEFR-J
stop,noun,A1,CEFR-J
stop,verb,A1,CEFR-J
storage,noun,B1,CEFR-J
store,noun,A1,CEFR-J
store,verb,B2,CEFR-J
storm,noun,A2,CEFR-J
story,noun,A1,CEFR-J
straight,adjective,A2,CEFR-J
straight,adverb,A1,CEFR-J
straightforward,adjective,B2,CEFR-J
strain,noun,B1,CEFR-J
strand,noun,B2,CEFR-J
strange,adjective,A1,CEFR-J
stranger,noun,A2,CEFR-J
strategic,adjective,B1,CEFR-J
strategy,noun,A2,CEFR-J
stream,noun,B1,CEFR-J
street,noun,A1,CEFR-J
strength,noun,A2,CEFR-J
strengthen,verb,B1,CEFR-J
stress,noun,B1,CEFR-J
stress,verb,B2,CEFR-J
stretch,verb,B1,CEFR-J
strict,adjective,A1,CEFR-J
strictly,adverb,B2,CEFR-J
strike,noun,A2,CEFR-J
strike,verb,B1,CEFR-J
striking,adjective,B2,CEFR-J
string,noun,A2,CEFR-J
strip,noun,B1,CEFR-J
strip,verb,B2,CEFR-J
strive,verb,B2,CEFR-J
stroke,noun,B2,CEFR-J
strong,adjective,A1,CEFR-J
strongly,adverb,A2,CEFR-J
structural,adjective,C1,Octanove
structure,noun,A2,CEFR-J
struggle,noun,B1,CEFR-J
struggle,verb,B2,CEFR-J
student,noun,A1,CEFR-J
studio,noun,B1,CEFR-J
study,noun,A2,CEFR-J
study,verb,A1,CEFR-J
stuff,noun,A2,CEFR-J
stuff,verb,B2,CEFR-J
stumble,verb,B1,CEFR-J
stun,verb,B1,CEFR-J
stunning,adjective,B1,CEFR-J
stupid,adjective,B1,CEFR-J
style,noun,A2,CEFR-J
subject,noun,A1,CEFR-J
submit,verb,B2,CEFR-J
substance,noun,B2,CEFR-J
substantial,adjective,B1,CEFR-J
substantially,adverb,C1,Octanove
substitute,noun,B1,CEFR-J
substitute,verb,B2,CEFR-J
subtle,adjective,B2,CEFR-J
suburb,noun,B2,CEFR-J
suburban,adjective,C1,Octanove
succeed,verb,A2,CEFR-J
success,noun,A2,CEFR-J
successful,adjective,A1,CEFR-J
successfully,adverb,A2,CEFR-J
succession,noun,C1,Octanove
successive,adjective,B2,CEFR-J
such,determiner,A2,CEFR-J
such,pronoun,A2,CEFR-J
suck,verb,B2,CEFR-J
sudden,adjective,A2,CEFR-J
suddenly,adverb,B1,CEFR-J
sue,verb,B2,CEFR-J
suffer,verb,B1,CEFR-J
suffering,noun,B2,CEFR-J
sufficient,adjective,B1,CEFR-J
sufficiently,adverb,B2,CEFR-J
sugar,noun,A1,CEFR-J
suggest,verb,A2,CEFR-J
suggestion,noun,A1,CEFR-J
suicide,noun,B1,CEFR-J
suit,noun,A2,CEFR-J
suit,verb,A2,CEFR-J
suitable,adjective,A2,CEFR-J
sum,noun,A1,CEFR-J
summarize,verb,B1,CEFR-J
summary,noun,A2,CEFR-J
summer,noun,A1,CEFR-J
summit,noun,B1,CEFR-J
sun,noun,A1,CEFR-J
Sunday,noun,A1,CEFR-J
super,adjective,A1,CEFR-J
superb,adjective,B2,CEFR-J
superior,adjective,B1,CEFR-J
supermarket,noun,A1,CEFR-J
supervise,verb,B2,CEFR-J
supervision,noun,B2,CEFR-J
supervisor,noun,B2,CEFR-J
supplement,noun,B2,CEFR-J
supply,noun,B1,CEFR-J
supply,verb,B2,CEFR-J
support,noun,A2,CEFR-J
support,verb,B1,CEFR-J
supporter,noun,B1,CEFR-J
supportive,adjective,B1,CEFR-J
suppose,verb,B1,CEFR-J
supposedly,adverb,B1,CEFR-J
suppress,verb,B2,CEFR-J
sure,adjective,A1,CEFR-J
sure,adverb,A2,CEFR-J
surely,adverb,B1,CEFR-J
surface,noun,B1,CEFR-J
surge,noun,B2,CEFR-J
surgeon,noun,B1,CEFR-J
surgery,noun,B1,CEFR-J
surprise,noun,A1,CEFR-J
surprise,verb,B1,CEFR-J
surprised,adjective,A2,CEFR-J
surprising,adjective,A2,CEFR-J
surrender,verb,B2,CEFR-J
surround,verb,B1,CEFR-J
surrounding,adjective,B1,CEFR-J
surveillance,noun,B2,CEFR-J
survey,noun,A1,CEFR-J
survival,noun,B1,CEFR-J
survive,verb,A2,CEFR-J
survivor,noun,B1,CEFR-J
suspect,noun,B1,CEFR-J
suspect,verb,B2,CEFR-J
suspend,verb,B2,CEFR-J
suspension,noun,C1,Octanove
suspicion,noun,B1,CEFR-J
suspicious,adjective,B2,CEFR-J
sustain,verb,B2,CEFR-J
sustainable,adjective,C1,Octanove
swallow,verb,A2,CEFR-J
swear,verb,B1,CEFR-J
sweater,noun,A2,CEFR-J
sweep,verb,B2,CEFR-J
sweet,adjective,A1,CEFR-J
sweet,noun,A2,CEFR-J
swim,noun,A1,CEFR-J
swim,verb,A1,CEFR-J
swimming,noun,A1,CEFR-J
swing,noun,B2,CEFR-J
swing,verb,B2,CEFR-J
switch,noun,B1,CEFR-J
switch,verb,B1,CEFR-J
sword,noun,B1,CEFR-J
symbol,noun,A2,CEFR-J
symbolic,adjective,B2,CEFR-J
sympathetic,adjective,B2,CEFR-J
sympathy,noun,B1,CEFR-J
symptom,noun,B1,CEFR-J
syndrome,noun,B1,CEFR-J
system,noun,A2,CEFR-J
systematic,adjective,B1,CEFR-J
T-shirt,noun,A1,CEFR-J
table,noun,A1,CEFR-J
tablet,noun,B1,CEFR-J
tackle,verb,B2,CEFR-J
tag,noun,B2,CEFR-J
tail,noun,B2,CEFR-J
take,verb,A1,CEFR-J
tale,noun,B1,CEFR-J
talent,noun,A2,CEFR-J
talented,adjective,B1,CEFR-J
talk,noun,B1,CEFR-J
talk,verb,A1,CEFR-J
tall,adjective,A1,CEFR-J
tank,noun,B1,CEFR-J
tap,noun,A2,CEFR-J
tap,verb,B2,CEFR-J
tape,noun,A2,CEFR-J
target,noun,A2,CEFR-J
task,noun,A2,CEFR-J
taste,noun,B1,CEFR-J
taste,verb,B1,CEFR-J
tax,noun,B1,CEFR-J
taxi,noun,A1,CEFR-J
tea,noun,A1,CEFR-J
teach,verb,A1,CEFR-J
teacher,noun,A1,CEFR-J
teaching,noun,B1,CEFR-J
team,noun,A1,CEFR-J
tear,noun,A2,CEFR-J
tear,verb,B1,CEFR-J
technical,adjective,B2,CEFR-J
technique,noun,B1,CEFR-J
technological,adjective,B1,CEFR-J
technology,noun,A1,CEFR-J
teenage,adjective,A2,CEFR-J
teenager,noun,A2,CEFR-J
telephone,noun,A1,CEFR-J
telephone,verb,A2,CEFR-J
television,noun,A1,CEFR-J
tell,verb,A1,CEFR-J
temperature,noun,A2,CEFR-J
temple,noun,A1,CEFR-J
temporarily,adverb,B2,CEFR-J
temporary,adjective,B1,CEFR-J
tempt,verb,B1,CEFR-J
ten,number,A1,CEFR-J
tend,verb,B1,CEFR-J
tendency,noun,B1,CEFR-J
tender,adjective,B2,CEFR-J
tennis,noun,A1,CEFR-J
tension,noun,B1,CEFR-J
tent,noun,B1,CEFR-J
term,noun,B1,CEFR-J
terminal,noun,B1,CEFR-J
terrain,noun,C1,Octanove
terrible,adjective,A1,CEFR-J
terribly,adverb,B1,CEFR-J
terrific,adjective,B1,CEFR-J
terrify,verb,A2,CEFR-J
territory,noun,B2,CEFR-J
terror,noun,B1,CEFR-J
terrorism,noun,B1,CEFR-J
terrorist,noun,B1,CEFR-J
test,noun,A1,CEFR-J
test,verb,B2,CEFR-J
testify,verb,B2,CEFR-J
testimony,noun,B2,CEFR-J
text,noun,A2,CEFR-J
text,verb,A2,CEFR-J
textbook,noun,A2,CEFR-J
than,conjunction,A1,CEFR-J
than,preposition,A1,CEFR-J
thank,verb,A1,CEFR-J
thanks,noun,A1,CEFR-J
that,adverb,B2,CEFR-J
that,conjunction,A1,CEFR-J
that,determiner,A1,CEFR-J
that,pronoun,A1,CEFR-J
the,definite article,A1,CEFR-J
theatre,noun,A1,CEFR-J
theft,noun,B1,CEFR-J
their,determiner,A1,CEFR-J
theirs,pronoun,A2,CEFR-J
them,pronoun,A1,CEFR-J
theme,noun,B2,CEFR-J
themselves,pronoun,A2,CEFR-J
then,adverb,A1,CEFR-J
theory,noun,B1,CEFR-J
therapist,noun,B2,CEFR-J
therapy,noun,B2,CEFR-J
there,adverb,A1,CEFR-J
thereafter,adverb,B2,CEFR-J
thereby,adverb,C1,Octanove
therefore,adverb,A2,CEFR-J
thesis,noun,B2,CEFR-J
they,pronoun,A1,CEFR-J
thick,adjective,A1,CEFR-J
thief,noun,A2,CEFR-J
thin,adjective,A1,CEFR-J
thing,noun,A1,CEFR-J
think,verb,A1,CEFR-J
thirsty,adjective,A2,CEFR-J
thirteen,number,A1,CEFR-J
thirty,number,A1,CEFR-J
this,determiner,A1,CEFR-J
this,pronoun,A1,CEFR-J
thorough,adjective,B1,CEFR-J
thoroughly,adverb,B2,CEFR-J
though,adverb,B2,CEFR-J
though,conjunction,A2,CEFR-J
thought,noun,A2,CEFR-J
thoughtful,adjective,B2,CEFR-J
thousand,number,A2,CEFR-J
thread,noun,B2,CEFR-J
threat,noun,B1,CEFR-J
threaten,verb,B2,CEFR-J
three,number,A1,CEFR-J
thrilled,adjective,B2,CEFR-J
throat,noun,B2,CEFR-J
through,adverb,B1,CEFR-J
through,preposition,A1,CEFR-J
throughout,preposition,B1,CEFR-J
throw,verb,A2,CEFR-J
thumb,noun,B1,CEFR-J
Thursday,noun,A1,CEFR-J
thus,adverb,B1,CEFR-J
ticket,noun,A1,CEFR-J
tide,noun,B1,CEFR-J
tidy,adjective,A2,CEFR-J
tidy,verb,A2,CEFR-J
tie,noun,A2,CEFR-J
tie,verb,B1,CEFR-J
tight,adjective,A1,CEFR-J
tighten,verb,B1,CEFR-J
till,conjunction,B1,CEFR-J
till,preposition,A2,CEFR-J
time,noun,A1,CEFR-J
time,verb,B2,CEFR-J
timely,adjective,B1,CEFR-J
timing,noun,B2,CEFR-J
tin,noun,B1,CEFR-J
tiny,adjective,B1,CEFR-J
tip,noun,A2,CEFR-J
tip,verb,B2,CEFR-J
tired,adjective,A1,CEFR-J
tissue,noun,B1,CEFR-J
title,noun,A2,CEFR-J
to,infinitive marker,A1,CEFR-J
to,preposition,A1,CEFR-J
tobacco,noun,B1,CEFR-J
today,adverb,A1,CEFR-J
today,noun,A1,CEFR-J
toe,noun,A2,CEFR-J
together,adverb,A1,CEFR-J
toilet,noun,A1,CEFR-J
tolerate,verb,B2,CEFR-J
toll,noun,B2,CEFR-J
tomato,noun,A1,CEFR-J
tomorrow,adverb,A1,CEFR-J
tomorrow,noun,A1,CEFR-J
ton,noun,B2,CEFR-J
tone,noun,A2,CEFR-J
tongue,noun,B1,CEFR-J
tonight,adverb,A1,CEFR-J
tonight,noun,A2,CEFR-J
tonne,noun,B2,CEFR-J
too,adverb,A1,CEFR-J
tool,noun,A1,CEFR-J
tooth,noun,A1,CEFR-J
top,adjective,B1,CEFR-J
top,noun,A1,CEFR-J
topic,noun,A1,CEFR-J
torture,verb,B2,CEFR-J
toss,verb,B1,CEFR-J
total,adjective,B1,CEFR-J
total,noun,B1,CEFR-J
totally,adverb,B1,CEFR-J
touch,noun,A1,CEFR-J
touch,verb,B1,CEFR-J
tough,adjective,B2,CEFR-J
tour,noun,A2,CEFR-J
tour,verb,B1,CEFR-J
tourism,noun,B1,CEFR-J
tourist,noun,A2,CEFR-J
tournament,noun,B1,CEFR-J
towards,preposition,A2,CEFR-J
towel,noun,A1,CEFR-J
tower,noun,A1,CEFR-J
town,noun,A1,CEFR-J
toxic,adjective,B2,CEFR-J
toy,noun,A1,CEFR-J
trace,noun,B1,CEFR-J
trace,verb,B2,CEFR-J
track,noun,A2,CEFR-J
track,verb,B2,CEFR-J
trade,noun,A2,CEFR-J
trade,verb,B2,CEFR-J
tradition,noun,A2,CEFR-J
traditional,adjective,A2,CEFR-J
traffic,noun,A2,CEFR-J
tragedy,noun,B1,CEFR-J
tragic,adjective,B1,CEFR-J
trail,noun,B1,CEFR-J
trail,verb,B2,CEFR-J
trailer,noun,B2,CEFR-J
train,noun,A1,CEFR-J
train,verb,A2,CEFR-J
trainer,noun,B2,CEFR-J
training,noun,A2,CEFR-J
trait,noun,B2,CEFR-J
transcript,noun,B2,CEFR-J
transfer,noun,B2,CEFR-J
transfer,verb,B1,CEFR-J
transform,verb,B1,CEFR-J
transformation,noun,B1,CEFR-J
transit,noun,C1,Octanove
transition,noun,B2,CEFR-J
translate,verb,B1,CEFR-J
translation,noun,B2,CEFR-J
transmission,noun,B2,CEFR-J
transmit,verb,B2,CEFR-J
transparent,adjective,B2,CEFR-J
transport,noun,B1,CEFR-J
transport,verb,B2,CEFR-J
transportation,noun,B1,CEFR-J
trap,noun,A2,CEFR-J
trauma,noun,C1,Octanove
travel,noun,A2,CEFR-J
travel,verb,A1,CEFR-J
traveller,noun,A2,CEFR-J
treasure,noun,A2,CEFR-J
treat,verb,B2,CEFR-J
treatment,noun,B1,CEFR-J
treaty,noun,B2,CEFR-J
tree,noun,A1,CEFR-J
tremendous,adjective,B1,CEFR-J
trend,noun,B1,CEFR-J
trial,noun,B2,CEFR-J
tribe,noun,B2,CEFR-J
trick,noun,A2,CEFR-J
trick,verb,B2,CEFR-J
trigger,noun,B1,CEFR-J
trio,noun,B2,CEFR-J
trip,noun,A1,CEFR-J
trip,verb,B2,CEFR-J
triumph,noun,B1,CEFR-J
troop,noun,B2,CEFR-J
trophy,noun,B2,CEFR-J
tropical,adjective,B1,CEFR-J
trouble,noun,A2,CEFR-J
trouble,verb,B1,CEFR-J
trousers,noun,A1,CEFR-J
truck,noun,A1,CEFR-J
true,adjective,A1,CEFR-J
truly,adverb,A2,CEFR-J
trust,noun,B2,CEFR-J
trust,verb,A2,CEFR-J
truth,noun,A2,CEFR-J
try,noun,A1,CEFR-J
try,verb,A2,CEFR-J
tube,noun,A1,CEFR-J
Tuesday,noun,A1,CEFR-J
tuition,noun,B2,CEFR-J
tune,noun,A2,CEFR-J
tunnel,noun,B2,CEFR-J
turn,noun,A1,CEFR-J
turn,verb,A1,CEFR-J
TV,noun,A1,CEFR-J
twelve,number,A1,CEFR-J
twenty,number,A1,CEFR-J
twice,adverb,A2,CEFR-J
twin,noun,B1,CEFR-J
twist,noun,B1,CEFR-J
twist,verb,B1,CEFR-J
two,number,A1,CEFR-J
type,noun,A1,CEFR-J
type,verb,B1,CEFR-J
typical,adjective,B1,CEFR-J
typically,adverb,B1,CEFR-J
ugly,adjective,A1,CEFR-J
ultimate,adjective,B2,CEFR-J
ultimately,adverb,B2,CEFR-J
umbrella,noun,A1,CEFR-J
unable,adjective,B1,CEFR-J
unacceptable,adjective,B2,CEFR-J
uncertainty,noun,B1,CEFR-J
uncle,noun,A1,CEFR-J
uncomfortable,adjective,A2,CEFR-J
unconscious,adjective,B2,CEFR-J
under,preposition,A1,CEFR-J
undergo,verb,B1,CEFR-J
undergraduate,noun,B2,CEFR-J
underground,adjective,B2,CEFR-J
underground,adverb,B2,CEFR-J
understand,verb,A2,CEFR-J
understanding,noun,B2,CEFR-J
undertake,verb,B2,CEFR-J
underwear,noun,B2,CEFR-J
undoubtedly,adverb,B2,CEFR-J
unemployed,adjective,B1,CEFR-J
unemployment,noun,B1,CEFR-J
unexpected,adjective,B1,CEFR-J
unfair,adjective,A2,CEFR-J
unfold,verb,B1,CEFR-J
unfortunate,adjective,B1,CEFR-J
unfortunately,adverb,A2,CEFR-J
unhappy,adjective,A2,CEFR-J
uniform,noun,A2,CEFR-J
unify,verb,B1,CEFR-J
union,noun,B1,CEFR-J
unique,adjective,B1,CEFR-J
unit,noun,A2,CEFR-J
unite,verb,B1,CEFR-J
united,adjective,B2,CEFR-J
universal,adjective,B2,CEFR-J
universe,noun,B1,CEFR-J
university,noun,A2,CEFR-J
unknown,adjective,A2,CEFR-J
unless,conjunction,B1,CEFR-J
unlike,preposition,B2,CEFR-J
unlikely,adjective,B1,CEFR-J
unnecessary,adjective,A2,CEFR-J
unpleasant,adjective,A2,CEFR-J
until,conjunction,B1,CEFR-J
until,preposition,A1,CEFR-J
unusual,adjective,A2,CEFR-J
up,adverb,A2,CEFR-J
up,preposition,A1,CEFR-J
update,noun,B2,CEFR-J
update,verb,B1,CEFR-J
upgrade,noun,B2,CEFR-J
upgrade,verb,B2,CEFR-J
upon,preposition,A2,CEFR-J
upper,adjective,B1,CEFR-J
upset,adjective,A2,CEFR-J
upset,verb,B2,CEFR-J
upstairs,adjective,B1,CEFR-J
upstairs,adverb,A2,CEFR-J
urban,adjective,B2,CEFR-J
urge,verb,B2,CEFR-J
urgent,adjective,B1,CEFR-J
us,pronoun,A1,CEFR-J
usage,noun,B1,CEFR-J
use,noun,A2,CEFR-J
use,verb,A1,CEFR-J
used,adjective,A2,CEFR-J
used to,modal verb,B1,CEFR-J
useful,adjective,A2,CEFR-J
useless,adjective,B1,CEFR-J
user,noun,B2,CEFR-J
usual,adjective,A2,CEFR-J
usually,adverb,A1,CEFR-J
utility,noun,B2,CEFR-J
utilize,verb,B2,CEFR-J
utterly,adverb,B2,CEFR-J
vacation,noun,A1,CEFR-J
vague,adjective,B1,CEFR-J
valid,adjective,B2,CEFR-J
valley,noun,A2,CEFR-J
valuable,adjective,B1,CEFR-J
value,noun,A2,CEFR-J
value,verb,B2,CEFR-J
van,noun,B1,CEFR-J
vanish,verb,B2,CEFR-J
variation,noun,B2,CEFR-J
varied,adjective,B2,CEFR-J
variety,noun,B1,CEFR-J
various,adjective,B1,CEFR-J
vary,verb,B1,CEFR-J
vast,adjective,B1,CEFR-J
vegetable,noun,A1,CEFR-J
vehicle,noun,B1,CEFR-J
vein,noun,B1,CEFR-J
venture,noun,B2,CEFR-J
venue,noun,B2,CEFR-J
verbal,adjective,B2,CEFR-J
verdict,noun,C1,Octanove
verse,noun,B2,CEFR-J
version,noun,B2,CEFR-J
versus,preposition,B2,CEFR-J
vertical,adjective,C1,Octanove
very,adjective,B2,CEFR-J
very,adverb,A1,CEFR-J
vessel,noun,B1,CEFR-J
veteran,noun,B2,CEFR-J
via,preposition,B1,CEFR-J
vicious,adjective,C1,Octanove
victim,noun,B1,CEFR-J
victory,noun,B1,CEFR-J
video,noun,A1,CEFR-J
view,noun,A2,CEFR-J
view,verb,B1,CEFR-J
viewer,noun,B2,CEFR-J
viewpoint,noun,B1,CEFR-J
village,noun,A2,CEFR-J
villager,noun,B2,CEFR-J
violate,verb,B2,CEFR-J
violence,noun,B1,CEFR-J
violent,adjective,A2,CEFR-J
virtual,adjective,B1,CEFR-J
virtue,noun,B2,CEFR-J
virus,noun,B1,CEFR-J
visa,noun,B1,CEFR-J
visible,adjective,B1,CEFR-J
vision,noun,B1,CEFR-J
visit,noun,A1,CEFR-J
visit,verb,A1,CEFR-J
visitor,noun,A2,CEFR-J
visual,adjective,B1,CEFR-J
vital,adjective,B2,CEFR-J
vitamin,noun,B2,CEFR-J
voice,noun,A2,CEFR-J
volume,noun,B1,CEFR-J
voluntary,adjective,C1,Octanove
volunteer,noun,B2,CEFR-J
volunteer,verb,B1,CEFR-J
vote,noun,A1,CEFR-J
vote,verb,B1,CEFR-J
wage,noun,B2,CEFR-J
wait,noun,B2,CEFR-J
wait,verb,A1,CEFR-J
waiter,noun,A1,CEFR-J
wake,verb,B1,CEFR-J
walk,noun,A1,CEFR-J
walk,verb,A1,CEFR-J
wall,noun,A1,CEFR-J
wander,verb,A2,CEFR-J
want,verb,A1,CEFR-J
war,noun,A1,CEFR-J
ward,noun,B1,CEFR-J
warm,adjective,A1,CEFR-J
warm,verb,B1,CEFR-J
warn,verb,B1,CEFR-J
warning,noun,B1,CEFR-J
warrior,noun,B1,CEFR-J
wash,noun,A1,CEFR-J
wash,verb,A1,CEFR-J
waste,adjective,B1,CEFR-J
waste,noun,B1,CEFR-J
waste,verb,B1,CEFR-J
watch,noun,A1,CEFR-J
watch,verb,A1,CEFR-J
water,noun,A1,CEFR-J
water,verb,B2,CEFR-J
wave,noun,A2,CEFR-J
wave,verb,B1,CEFR-J
way,noun,A1,CEFR-J
we,pronoun,A1,CEFR-J
weak,adjective,A2,CEFR-J
weaken,verb,B2,CEFR-J
weakness,noun,B1,CEFR-J
wealth,noun,A2,CEFR-J
wealthy,adjective,B2,CEFR-J
weapon,noun,B1,CEFR-J
wear,verb,A1,CEFR-J
weather,noun,A1,CEFR-J
web,noun,A2,CEFR-J
website,noun,A2,CEFR-J
wedding,noun,A2,CEFR-J
Wednesday,noun,A1,CEFR-J
weed,noun,B2,CEFR-J
week,noun,A1,CEFR-J
weekend,noun,A1,CEFR-J
weekly,adjective,A2,CEFR-J
weigh,verb,A2,CEFR-J
weight,noun,A2,CEFR-J
weird,adjective,B1,CEFR-J
welcome,adjective,B1,CEFR-J
welcome,exclamation,A1,CEFR-J
welcome,noun,B2,CEFR-J
welcome,verb,A1,CEFR-J
welfare,noun,B2,CEFR-J
well,adjective,A1,CEFR-J
well,adverb,A1,CEFR-J
west,adjective,A2,CEFR-J
west,adverb,A2,CEFR-J
west,noun,A2,CEFR-J
western,adjective,B2,CEFR-J
wet,adjective,A2,CEFR-J
what,determiner,A1,CEFR-J
what,pronoun,A1,CEFR-J
whatever,determiner,A2,CEFR-J
whatever,pronoun,B1,CEFR-J
wheat,noun,B2,CEFR-J
wheel,noun,A1,CEFR-J
when,adverb,A1,CEFR-J
when,conjunction,A1,CEFR-J
whenever,conjunction,B1,CEFR-J
where,adverb,A1,CEFR-J
where,conjunction,A1,CEFR-J
whereas,conjunction,B2,CEFR-J
wherever,conjunction,B1,CEFR-J
whether,conjunction,B1,CEFR-J
which,determiner,A1,CEFR-J
which,pronoun,A1,CEFR-J
while,conjunction,A2,CEFR-J
while,noun,B1,CEFR-J
whilst,conjunction,C1,Octanove
whip,verb,B2,CEFR-J
whisper,noun,B1,CEFR-J
whisper,verb,B2,CEFR-J
white,adjective,A1,CEFR-J
white,noun,A1,CEFR-J
who,pronoun,A1,CEFR-J
whoever,pronoun,B1,CEFR-J
whole,adjective,A2,CEFR-J
whole,noun,B1,CEFR-J
whom,pronoun,A2,CEFR-J
whose,determiner,A1,CEFR-J
whose,pronoun,A1,CEFR-J
why,adverb,A1,CEFR-J
wide,adjective,A2,CEFR-J
widely,adverb,A2,CEFR-J
widen,verb,B2,CEFR-J
widespread,adjective,B1,CEFR-J
widow,noun,B2,CEFR-J
width,noun,B2,CEFR-J
wife,noun,A1,CEFR-J
wild,adjective,A2,CEFR-J
wildlife,noun,B1,CEFR-J
will,noun,B2,CEFR-J
will,modal verb,A1,CEFR-J
willing,adjective,B2,CEFR-J
willingness,noun,B1,CEFR-J
win,noun,B2,CEFR-J
win,verb,A1,CEFR-J
wind,noun,A1,CEFR-J
wind,verb,B2,CEFR-J
window,noun,A1,CEFR-J
wine,noun,A2,CEFR-J
wing,noun,B1,CEFR-J
winner,noun,A2,CEFR-J
winter,noun,A1,CEFR-J
wipe,verb,B2,CEFR-J
wire,noun,B1,CEFR-J
wisdom,noun,A2,CEFR-J
wise,adjective,A2,CEFR-J
wish,noun,A1,CEFR-J
wish,verb,A2,CEFR-J
wit,noun,B2,CEFR-J
with,preposition,A1,CEFR-J
withdraw,verb,B2,CEFR-J
withdrawal,noun,B2,CEFR-J
within,preposition,A2,CEFR-J
without,preposition,A2,CEFR-J
witness,noun,B2,CEFR-J
witness,verb,B1,CEFR-J
woman,noun,A1,CEFR-J
wonder,noun,B1,CEFR-J
wonder,verb,A2,CEFR-J
wonderful,adjective,A1,CEFR-J
wood,noun,A2,CEFR-J
wooden,adjective,A2,CEFR-J
wool,noun,A2,CEFR-J
word,noun,A1,CEFR-J
work,noun,A1,CEFR-J
work,verb,A1,CEFR-J
worker,noun,A1,CEFR-J
working,adjective,B1,CEFR-J
workout,noun,B1,CEFR-J
workplace,noun,B1,CEFR-J
workshop,noun,B1,CEFR-J
world,noun,A1,CEFR-J
worldwide,adjective,B2,CEFR-J
worldwide,adverb,A2,CEFR-J
worm,noun,B2,CEFR-J
worried,adjective,A2,CEFR-J
worry,noun,A1,CEFR-J
worry,verb,A2,CEFR-J
worse,adjective,A2,CEFR-J
worse,adverb,A2,CEFR-J
worse,noun,B2,CEFR-J
worship,noun,B2,CEFR-J
worst,adjective,A2,CEFR-J
worst,adverb,B2,CEFR-J
worst,noun,B1,CEFR-J
worth,adjective,B1,CEFR-J
worthwhile,adjective,B1,CEFR-J
worthy,adjective,B1,CEFR-J
would,modal verb,A1,CEFR-J
wound,noun,B1,CEFR-J
wound,verb,B2,CEFR-J
wrap,verb,B1,CEFR-J
wrist,noun,B1,CEFR-J
write,verb,A1,CEFR-J
writer,noun,A1,CEFR-J
writing,noun,A2,CEFR-J
written,adjective,B1,CEFR-J
wrong,adjective,A1,CEFR-J
wrong,adverb,A2,CEFR-J
yard,noun,A1,CEFR-J
year,noun,A1,CEFR-J
yell,verb,B2,CEFR-J
yellow,adjective,A1,CEFR-J
yellow,noun,A1,CEFR-J
yesterday,adverb,A1,CEFR-J
yet,adverb,A1,CEFR-J
yet,conjunction,B1,CEFR-J
yield,verb,B2,CEFR-J
you,pronoun,A1,CEFR-J
young,adjective,A1,CEFR-J
your,determiner,A1,CEFR-J
yours,pronoun,A1,CEFR-J
yourself,pronoun,A1,CEFR-J
youth,noun,A2,CEFR-J
zone,noun,A2,CEFR-J
